driverId,name,ssn,location,certified,wage-plan
10,Sara Gardner,565-60-0327,"82627 George Wall
East Herbertburgh, NJ 87520",Y,miles
11,Allen Davis,190-38-0639,"472 Anderson Drive Apt. 365
Wilsonhaven, PW 44586",N,miles
12,Alan Ortega,211-24-6630,"8496 Jeffery Lane Apt. 693
South Amber, ND 83587",Y,miles
13,Mary Dunn,858-03-0413,"3066 Stephanie Center
Davidfurt, NH 81208",Y,hours
14,Steven Bailey,324-92-3562,"4282 Jeffrey Pass
Deckerport, UT 12127",N,hours
15,Melanie Allen,087-87-3122,"2153 Avila Vista
Port Emily, WV 88438",Y,miles
16,Justin Mitchell,249-84-0867,"268 Barron Club
Wilsonborough, PA 51193",Y,miles
17,Kelsey Miller,531-42-2313,"390 Christina Island
West Shannonport, IN 67553",N,miles
18,Rachel Stewart,510-28-0955,"PSC 6312, Box 5192
APO AP 51786",Y,miles
19,Jeremy Wagner,600-97-5229,"Unit 0193 Box 7963
DPO AE 09499",N,hours
20,Michael Pitts,767-93-0997,"Unit 2208 Box 1826
DPO AA 55335",N,hours
21,Ashley Bennett,548-04-2859,"47065 Dickerson Lodge Suite 357
South Sandy, WA 48102",Y,miles
22,David Gardner,235-13-6070,"12967 Silva Crossroad Suite 725
West Jenniferborough, OR 03761",Y,miles
23,Monica Lamb,360-01-5335,"36785 Martinez Cove
West Sarahchester, MD 32908",Y,miles
24,Kyle Trevino,238-06-4676,"USNS Pierce
FPO AA 42805",N,hours
25,Nicole Hendricks,439-65-6653,"914 Andrews Union Suite 857
New Dannymouth, NJ 28661",N,miles
26,Brett Green,339-83-7616,"Unit 7537 Box 0810
DPO AE 45819",N,miles
27,Amy Gutierrez,673-10-3407,"04580 Mike Springs
North Mitchellport, NE 28251",N,miles
28,Derek Giles,621-54-3993,"843 Rachel Meadow
Davidton, VI 72131",Y,hours
29,Lauren Saunders,127-18-6428,"128 Howard Forest
East Elizabethland, ME 68267",Y,miles
30,Angela Rodgers,320-42-1797,"62228 Juarez Burg
Laurenborough, WA 89717",Y,miles
31,Michael Quinn,703-72-8638,"6837 Orozco Grove Suite 528
North Joshuafort, NY 98143",N,miles
32,Laura Duran,370-91-8441,"8614 Kevin Ridge Suite 788
Danieltown, MA 37858",N,miles
33,John Yang,708-50-3446,"65266 Perez Terrace
Lake Jacqueline, NH 25699",Y,hours
34,Vanessa Diaz,430-64-4494,"574 Callahan Forest
Chelseamouth, OR 59048",N,miles
35,Michael Shea,291-36-8291,"3476 Wagner Springs
Lake Alexander, MI 09492",N,miles
36,Sandra Mitchell,308-06-4242,"55359 Lori Creek
Port Amandatown, NJ 69306",N,hours
37,Bernard Martin,149-72-9661,"491 Lauren Plains Apt. 937
Winterschester, DC 68197",N,hours
38,Kara Collins,134-22-9328,"219 Meghan Streets Suite 382
Lake Olivia, UT 60632",Y,hours
39,Benjamin Galloway,567-98-2944,"16075 Evans Drive Apt. 379
South Ashleyberg, MT 70677",Y,hours
40,Dylan Park,431-53-6764,"021 Reginald Crescent Apt. 401
Port John, WI 19861",N,miles
41,Denise Russell,836-09-8701,"463 Pope Landing Apt. 360
Davishaven, DC 04672",N,hours
42,Melinda Blackwell,467-33-6129,"798 Johnson Way Suite 220
New Jenniferfort, MP 15584",N,miles
43,David Thompson,481-57-3209,"5092 Kevin Avenue
Garrettberg, MT 64488",N,miles
44,Kenneth Davis,297-72-6330,"2078 Morgan Ports
North Annamouth, RI 12231",Y,hours
45,Kimberly Roy,701-35-7173,"73835 Ashley Garden Apt. 076
West Dylan, NE 73964",Y,miles
46,Leslie Meadows,107-07-9135,"39645 Smith Cliff Suite 550
Pruittborough, NE 30285",N,miles
47,Michael Allen,446-31-0077,"08768 Bowman Ferry Apt. 006
Tracybury, FL 25345",Y,hours
48,William Burns,533-78-2651,"1960 Sean Mount
New Thomas, UT 29981",Y,hours
49,Nancy Lopez,524-19-8758,"35826 Sarah Junction Suite 334
Port Craig, SD 46256",Y,hours
50,Michaela Clark,667-35-7513,"559 Brown Path
Port Carriefort, DC 47533",N,hours
51,Jennifer Kennedy,575-99-2998,"6230 Murray Creek
Edwardville, WI 32649",Y,miles
52,Bradley Thompson,489-41-2687,"USCGC Miller
FPO AA 78171",Y,miles
53,Sharon Mccarthy,894-51-7954,"Unit 2875 Box 1035
DPO AA 68231",Y,hours
54,Ruth Mack,726-13-7471,"USCGC Martinez
FPO AP 33514",Y,miles
55,James Benjamin,423-90-4452,"PSC 6929, Box 6686
APO AP 18288",N,miles
56,David Kane,261-25-5165,"486 Austin Parks Apt. 689
New Dennis, ID 98215",Y,hours
57,Stephen Anderson Jr.,870-78-0037,"Unit 6622 Box 2208
DPO AA 82260",Y,miles
58,Sharon Holt,189-52-2264,"4435 Ashley Spurs Suite 582
Thompsonville, MI 92693",N,hours
59,James Lee,264-02-7807,"PSC 1296, Box 0500
APO AA 96233",N,hours
60,Catherine Reyes,010-66-7740,"799 Carroll Summit Apt. 262
Richardhaven, DE 20682",Y,hours
61,Denise Berry,724-71-7445,"459 Courtney Turnpike Apt. 739
Cervantesside, IL 38306",N,miles
62,Daniel Hopkins,608-23-1246,"41301 Kevin Canyon Apt. 619
Stanleyfort, ME 60515",Y,hours
63,James Anderson,557-51-4784,"Unit 6065 Box 1824
DPO AE 78091",N,miles
64,Justin Miller,458-56-7407,"8633 John Ville
Millershire, IA 13825",Y,hours
65,Brittany Ford,540-74-7875,"258 Ashley Extension
South Susanfort, CA 32802",Y,hours
66,Tiffany White,109-87-4102,"8713 Wall Rue Suite 208
Thomasland, SD 91901",Y,miles
67,Anna Dunn,450-17-9634,"248 Ortega Highway Suite 510
Christinefurt, TN 31668",N,miles
68,Abigail Chen MD,531-21-4741,"284 Adkins Road Apt. 889
Lake Cindy, ID 27857",N,hours
69,Jose Bishop,063-68-4782,"03948 Deborah Burgs Apt. 233
Brooksside, WA 61398",Y,hours
70,Michael Robinson,057-82-7255,"101 Ann Lane
Cochranville, NV 46897",N,hours
71,Karl Saunders,012-61-6151,"34165 Michelle Springs Apt. 005
New Paul, OR 64763",Y,hours
72,Lisa Fischer,461-79-5090,"5668 Nelson Ridges
Youngtown, NC 98388",Y,hours
73,Travis Parker,263-02-4131,"4008 Cordova Harbors
Burnsville, FM 45932",Y,miles
74,John Mora,648-54-4179,"USS Morris
FPO AA 74981",Y,hours
75,David Hudson,843-05-0002,"716 Clifford Street
West Richardville, IN 78934",N,hours
76,Charles Wong,700-45-5954,"4751 Carla Stravenue
South Michelle, DC 04397",N,hours
77,Lacey Sanders,475-11-4038,"16980 Cox Squares Apt. 315
Lake Ruth, UT 53974",N,miles
78,Sandra Harris,227-47-0529,"05399 Flores Gateway Apt. 137
Josephchester, WY 77702",N,hours
79,Zachary Welch,844-44-0990,"674 Sanders Points Suite 032
South Elizabeth, AK 50698",Y,miles
80,Oscar Flores,468-10-5790,"12517 Kim Locks Apt. 220
Danielleberg, NH 83272",Y,hours
81,Katherine Hendrix,125-10-4692,"764 Beck Circle Suite 371
Clementsfurt, VA 03899",N,miles
82,Erik Velazquez,827-66-1552,"24341 Kevin Station
Robertsonshire, CA 88371",Y,hours
83,Peter Thompson,434-28-2240,"5369 John Dam Apt. 306
East George, OK 51458",N,hours
84,Gabriella Banks,293-48-7684,"9812 Shane Mall Suite 382
Port Jessicabury, AR 41304",Y,miles
85,Evan Harris,531-94-6380,"Unit 3913 Box 6333
DPO AP 76799",Y,hours
86,Ashley Rodriguez,628-44-1357,"34892 Andrews Circles Apt. 560
Port Justin, SC 73122",N,miles
87,Sierra Tyler,718-24-7661,"84755 Blevins Streets Suite 680
Nashhaven, MS 33491",Y,miles
88,Jessica Medina,861-95-4854,"664 Miller Isle Apt. 665
North Andresmouth, MO 86927",Y,miles
89,John Horton,714-01-1980,"8016 Diaz Prairie Suite 036
Port Tiffany, FM 40966",Y,miles
90,Calvin Martin,212-65-1839,"2147 Johns Forks
New Mitchell, WA 35938",N,hours
91,Reginald Guerrero,801-07-8618,"6602 Shaffer Row
Lake Jasonbury, DC 73174",Y,hours
92,Stephen Hunt,564-78-2335,"Unit 3984 Box 5103
DPO AP 30829",N,hours
93,John Mcdonald,899-61-2508,"69961 Kelly Centers Suite 411
North Alechaven, NM 82531",Y,miles
94,Christine Atkins,026-22-4103,"199 Porter Crest
North Theresaland, MI 11397",N,miles
95,Penny Carroll,543-68-0883,"040 Williams Rapids
West Keithberg, NE 81202",N,miles
96,Christopher Gomez,607-90-9627,"PSC 6343, Box 2077
APO AP 52951",N,hours
97,Michael Daniel,806-98-8460,"524 Nicole Ports Apt. 973
South Kevin, GU 35139",Y,miles
98,Jeremy Davis,721-08-2810,"2880 Wagner Row
East Stephanieborough, HI 36241",N,hours
99,Kathryn Owens,752-75-9610,"25117 John Turnpike Suite 419
Gregoryberg, DC 95548",N,miles
100,Jasmine Cardenas,538-55-3752,"1771 Martinez Branch
West Stephen, MA 65662",N,miles
101,Mary Bush,685-11-6116,"801 Howard Summit Suite 409
Bowenfurt, NC 55767",Y,miles
102,Kathleen Barron,437-83-7825,"18675 Richard Fall
Port Cathy, WY 73899",Y,hours
103,Dawn Andersen,289-54-9477,"549 Justin Vista
South Jason, MP 69038",Y,hours
104,Stacy Thomas,397-51-9439,"5670 Laurie Wells
Davisborough, PR 93820",Y,miles
105,Joseph Walker,245-16-8402,"522 Megan Rapid Suite 240
Nelsonton, NE 09987",N,hours
106,Susan Lowe,168-52-5889,"498 Oscar Village
Francoside, VA 65441",N,miles
107,Jessica Bryant,717-91-2415,"54481 Carpenter Road
Wesleyborough, MD 15707",Y,hours
108,Paul Graham,720-21-9621,"5177 Louis Port Apt. 321
Haileyville, MT 92643",N,hours
109,Chelsea Hall,394-49-7823,"1442 Jenkins Throughway
Bushside, SC 68611",N,hours
110,Christine Spencer,749-84-7865,"12607 Lee Hollow Suite 881
East Jasonburgh, MA 97054",N,hours
111,Adrienne Diaz,139-77-0740,"USNS Kerr
FPO AP 66523",N,miles
112,Charles Williams,562-59-3239,"329 Sandra Trace Apt. 462
Steelemouth, TX 57259",Y,miles
113,Shannon Bishop,193-26-8320,"18572 Sara Isle Apt. 887
Jaredhaven, NH 37601",N,hours
114,Dustin Allen,095-20-0551,"6484 Austin Trafficway Apt. 816
New Diamond, GA 44800",Y,miles
115,Daniel Ortiz,047-67-3018,"65551 Catherine Course
South Georgehaven, PW 29708",N,hours
116,Amber Mason,541-68-7619,"0558 Claudia Streets Apt. 941
Pughberg, AK 64894",N,miles
117,Nathan Cardenas,667-36-3148,"7552 Briana Keys Apt. 743
South David, MH 54410",Y,hours
118,Philip Thomas,009-50-4018,"85114 Wilson Plaza
Matthewmouth, OR 04557",N,miles
119,Patrick Lee,395-13-6340,"4458 Christopher Meadows
East Madisonville, ND 52116",Y,miles
120,Marc Hunter,744-03-0255,"5920 Smith Cove Apt. 636
South Kimberlybury, FM 93440",N,hours
121,Thomas Pittman,814-64-2645,"66514 Tucker Path Suite 271
Lake Jane, CO 24429",Y,miles
122,Jessica Brock,628-33-9855,"029 Jill Glens
Port Reginaldport, MI 83361",Y,hours
123,Derrick Alvarez,758-54-5438,"4502 Graham Cliff Suite 227
Lake Samanthaland, NV 78893",Y,miles
124,Maria Coleman,748-05-9487,"174 Adkins Route
Elijahtown, MN 71796",Y,miles
125,Jenny Mejia,076-04-7850,"90234 Watson Island Apt. 350
East Theresa, GA 20822",Y,miles
126,Alyssa Foster,788-89-3816,"1841 Angela Forks Apt. 077
Jenniferfurt, CO 52508",Y,hours
127,Brenda Kennedy,539-35-7307,"12484 Renee Light
South Margaret, VA 30588",Y,hours
128,Evan Burgess,274-10-7140,"66300 Garcia Track
Lake Angela, AR 24458",N,hours
129,Eric Chavez,336-60-6162,"54504 Bradley Run
East Victoriatown, NM 07873",N,hours
130,Matthew Bartlett,354-75-7121,"83251 Le Lodge Apt. 629
West Nicholasville, TN 52362",N,miles
131,Kristopher Webb,580-92-0350,"5474 Daniel Pines
Phillipsville, MT 07636",Y,miles
132,Marie Dennis,274-31-4962,"Unit 5148 Box 7558
DPO AE 18885",Y,hours
133,Tina Garrett,293-94-5233,"6549 Smith Burgs
Annafort, GA 41230",Y,miles
134,Andrew Freeman,112-12-2932,"2918 Joseph Courts
West Angela, WY 55186",Y,hours
135,Joseph Snyder,229-43-6198,"714 Brewer Unions Apt. 267
Brittneyville, ME 60441",N,miles
136,Mark Anderson,381-18-5954,"2556 Jennings Mountain
South Pamela, MS 13135",N,hours
137,Vanessa Perez,861-71-5247,"76625 Hall Point
East Sarahberg, WI 33053",N,miles
138,Heather Gibson,152-76-6051,"2866 Robert Port Apt. 064
South Alanmouth, WA 26124",Y,miles
139,Heather Simmons,302-58-7615,"260 Kim Manors
South Russellborough, MT 05591",N,hours
140,Gina Lambert,837-06-8017,"9568 Thompson Crescent
Sarahfurt, FL 46670",N,hours
141,Jimmy Pierce,423-68-4560,"96229 David Skyway Suite 047
Suzannemouth, UT 37487",N,hours
142,Kristy Martinez,015-16-2869,"6506 Powell Stravenue Apt. 120
Jillshire, UT 20681",N,hours
143,Barry Coleman,406-59-9046,"424 Bobby Cliff
West Charles, NC 87154",N,miles
144,Todd Benson,488-62-8397,"0448 Malik Mews Suite 242
Melaniebury, FL 53056",N,hours
145,Kevin Cruz,188-45-1230,"639 Veronica Avenue
Robertborough, ID 38692",Y,miles
146,Andrew Patterson,318-82-5330,"53815 Jones Square
South Shellyside, IN 31808",N,miles
147,Samantha Tyler,264-22-6653,"48338 Robert Via
Burgessbury, RI 34490",N,hours
148,James Caldwell,566-38-5462,"05695 Shannon Passage
Ramosstad, MD 89015",N,miles
149,Dennis King,805-52-6634,"927 Rebecca Port
Wallaceburgh, PW 35161",N,miles
150,Amy Crane,509-61-4934,"21134 Harry Station
Booneville, NM 92230",N,miles
151,Martin Cook,870-44-2659,"362 Williams Light
Laurafurt, VI 55507",Y,miles
152,Monica Medina,138-11-6975,"868 Brian Junction
Jackview, IL 26242",N,miles
153,Matthew Scott,091-88-2434,"41253 Beltran Forest
East Dustinburgh, UT 86839",N,miles
154,Cameron Reese,380-01-2696,"921 Lopez View Apt. 868
North Sharon, NJ 25566",Y,hours
155,William Moore,664-48-3565,"8202 Ward Center
Sarahburgh, IN 94772",N,hours
156,Sean Walker,876-31-0719,"7538 Haynes Vista Apt. 585
Castroborough, VA 65411",N,hours
157,Richard Garcia,497-89-6760,"256 Heather Row
West George, PW 04513",N,miles
158,Latasha Haley,245-16-0853,"152 Lewis River
South Karen, NC 80897",N,hours
159,Katherine Casey,392-39-4646,"374 Fisher Streets Apt. 738
New Andre, AZ 38687",Y,hours
160,Patricia Kim,536-14-1346,"7677 Harris Row
North Thomas, AR 85158",Y,miles
161,Ms. Emily Stokes,091-20-3975,"5682 Lynch Wells Apt. 186
East Michellemouth, CO 14552",N,hours
162,Mark Lee,509-32-4477,"USS Herrera
FPO AP 01833",N,miles
163,Amy Mitchell DVM,656-31-7203,"341 Jackson Court Suite 981
Moonborough, UT 38621",N,miles
164,Glen Navarro,835-04-4860,"0847 Christine Harbor Apt. 699
Freemanberg, TX 37695",N,miles
165,Alexa Mcdonald,891-65-5140,"6952 Cindy Rest Apt. 046
Matthewton, MA 54997",N,miles
166,Calvin Austin,754-55-8425,"077 James Shores Suite 629
East Erica, MT 49001",Y,miles
167,Douglas Owens,272-99-0799,"057 Paula Branch
New Kenneth, UT 47341",Y,miles
168,Mallory Knight,313-19-9328,"465 Betty Greens Suite 824
Clarkville, MI 93083",N,hours
169,Connie Thomas,622-40-0364,"27030 Jack Landing Suite 828
Barbaraside, UT 47713",N,hours
170,Kara Harris,435-58-6107,"590 Benjamin Hollow
Phillipsside, AZ 80117",Y,miles
171,Laura Harrison,735-26-5194,"76548 Ellis Estate
East Paulamouth, NJ 26413",N,hours
172,Natasha Beck,128-28-9453,"4462 Elizabeth Center Apt. 933
New Erika, GA 72592",N,hours
173,Cynthia Patel,656-15-5997,"46039 Jones Views Apt. 476
Port Anne, SD 25499",Y,miles
174,Leah Johnson,731-31-3586,"929 Michael Orchard Apt. 038
West Michaelchester, IL 24724",Y,hours
175,Patrick Robinson,294-25-4890,"15904 Walker Streets Apt. 712
Markhaven, OH 99313",N,miles
176,Joshua Griffith,026-54-8211,"62177 Coffey Harbors Apt. 901
Lake Amanda, ME 23791",N,hours
177,Noah Petersen,700-62-6954,"Unit 9381 Box 8008
DPO AP 62272",Y,miles
178,Richard Wiggins,745-82-2982,"155 Gonzales Plaza Suite 262
West Seanville, MT 08471",Y,miles
179,Jennifer Rodriguez,053-66-1300,"1734 Tracy Pass Apt. 849
Christopherborough, NE 30628",N,hours
180,Tony Knox,246-36-3679,"754 Whitney Glen
Cindybury, IL 85149",N,miles
181,Tiffany Nelson,160-13-4417,"91950 Thomas Gateway Suite 915
Port Cynthia, MA 62699",N,hours
182,Heather Cordova,891-02-6292,"7993 Dominguez Crossroad
Lake Laurastad, MT 28473",Y,hours
183,Curtis Gonzales,825-67-1160,"9617 Debbie Drive
South Erika, CT 81180",Y,miles
184,Jason Todd,776-75-4904,"3114 Jeremy Valleys Suite 506
Heatherchester, WA 31824",Y,hours
185,Bobby Lopez,152-84-8893,"425 Leonard Mountain
Port Stephanie, DC 06467",N,hours
186,Douglas Boyd,203-62-2451,"2026 Mcintyre Island Apt. 482
Sarahchester, AS 31516",Y,miles
187,Tyler Jordan,199-65-7990,"478 Ball Ridges
South John, UT 08860",N,hours
188,Nichole Wilson,483-38-3282,"USNS Peters
FPO AE 49796",N,hours
189,Dawn Mueller,367-61-4210,"123 Thomas Manors
Jameschester, VI 86239",N,miles
190,Steven Medina,264-78-8933,"869 Lisa Camp Apt. 746
Leefort, UT 85289",N,miles
191,Kevin Hall,880-43-7195,"66901 Alicia Flats
Davidstad, PW 52658",Y,miles
192,Eric Bell,112-86-1227,"1232 Kimberly Estates
Haleymouth, MN 92087",N,hours
193,Evan Suarez,425-89-5356,"376 Snyder Loaf Apt. 768
South Dorothyfort, ME 95142",N,hours
194,William Williams,413-60-4323,"30322 Patrick Falls Apt. 776
Clarkfurt, WI 74496",N,hours
195,James Barnes,228-36-1710,"60689 Daniel Lock Apt. 001
Brianland, IL 20484",N,miles
196,Rachel Pittman,829-24-1948,"3196 Trujillo Land
Christophertown, IA 32555",Y,miles
197,Melissa Ball,360-24-8282,"624 James Station Apt. 101
Bethton, MH 35547",N,miles
198,Kenneth Fowler,155-93-9165,"07167 Travis Tunnel
Garciaville, MS 56090",N,miles
199,Kevin Green,592-09-6873,"04778 Roberts Freeway
Markshire, IN 08309",Y,hours
200,Dr. Melinda Whitaker,699-29-7553,"73287 Anderson Point Apt. 707
South Chelsealand, MN 89811",Y,hours
201,Glen Cisneros,643-18-4062,"597 Mcdaniel Radial
Johnsonchester, GA 28057",N,hours
202,Jason Hernandez,507-28-2208,"523 Montgomery Extensions Apt. 090
Sarahhaven, DE 64279",Y,hours
203,Brady Sosa,805-99-7150,"682 Little Squares
East Melissa, NY 85216",Y,hours
204,Robert Shaw,459-12-0949,"420 Dana Vista Suite 213
Lake Mckenzieland, RI 98227",N,miles
205,Derrick Mcguire,651-56-3742,"73951 Ellis Way Apt. 593
Lake Angela, DE 95615",N,miles
206,Curtis Shelton Jr.,465-51-4712,"3000 Debra Brook
Port Justinbury, IN 55496",N,miles
207,Steven Brown,052-47-2789,"299 Debra Isle
South Kelly, KY 84378",N,miles
208,Heather Garner,534-69-4905,"033 Suarez Track Apt. 118
South Amandamouth, MI 25665",Y,miles
209,Jasmine Bell,601-20-5603,"449 Foley Mission Apt. 727
Josephland, IN 80634",N,hours
210,Michael Fischer,463-93-8892,"0386 Thompson Plaza
Davisbury, MP 44974",Y,hours
211,Jesse Hernandez,308-24-8603,"USNS Miller
FPO AP 54999",Y,miles
212,Mary Jacobs,703-97-1221,"193 Taylor Pine
South Zacharybury, TN 32670",N,hours
213,Mr. Robert Thornton,320-21-5887,"5975 Rodriguez Drives
Wallsport, GA 78769",N,hours
214,Scott Rodriguez,637-81-9354,"581 Jaime Cove Apt. 516
Stacyburgh, WY 94222",N,miles
215,Thomas Howard,178-27-6947,"8636 Edwards Freeway Apt. 280
Davisfort, MT 63159",Y,hours
216,Lisa Wright,782-11-8353,"0338 Russell Manors Suite 660
East Steven, KY 76643",Y,miles
217,John Garcia,550-06-4785,"65911 Jacobson Isle Apt. 776
West Monicaberg, TX 16748",Y,hours
218,Cynthia Leblanc,857-43-7618,"758 Gregory Streets
North Williamport, KS 83915",Y,hours
219,Eric Jones,655-18-9612,"8165 Nicholas Club Apt. 280
South Andrewmouth, TX 62539",Y,miles
220,Kellie Schneider,307-13-7936,"875 Patel Harbors Apt. 099
New Corymouth, MP 15105",Y,hours
221,Barbara Patrick,402-36-0820,"1442 Frederick Greens
Melissafort, OH 61564",N,miles
222,Megan Jones,775-61-5541,"785 Davis Prairie
Charlesville, AR 73974",Y,miles
223,Kimberly Hoover,289-38-3772,"645 Villanueva Fields Apt. 766
New Andrea, TN 18944",Y,miles
224,Sean Robinson,083-46-2375,"4536 Cody Stream Suite 067
West Kelly, TN 37895",Y,miles
225,Melody Daniel,174-24-6469,"61148 Ryan Tunnel
North Victoriastad, AR 14204",N,hours
226,Valerie Andrews,257-29-2053,"2654 Paul Square Apt. 354
West Laurenside, AR 18190",N,hours
227,Michael Leon,160-77-5322,"587 Thompson Causeway Suite 335
West Meredithberg, IN 11656",Y,miles
228,Amanda Fisher,858-94-8482,"9839 Phillip Fork Apt. 767
West Steven, CT 57997",Y,miles
229,Andre Miller,813-22-4509,"7693 Bennett Ford
Lake John, MS 79896",N,miles
230,Brittany Patterson,674-76-8137,"961 Nicholas Rest
North Alyssamouth, ID 52422",Y,hours
231,David Washington,571-77-7311,"Unit 4479 Box 4413
DPO AP 56289",N,hours
232,Mitchell Johnson,363-78-3569,"4123 Hector Forge
South Katherine, SC 12160",N,hours
233,Ryan Jackson,076-74-9096,"8620 Evans Mount
Cooperside, CT 65490",Y,miles
234,Steven Hernandez,704-89-5750,"916 Walker Falls Apt. 664
West Curtisbury, NY 17363",N,miles
235,Dawn Reyes,603-43-4652,"PSC 5805, Box 3486
APO AP 03049",N,miles
236,Louis Fernandez,209-99-7003,"80155 Perez Viaduct
Davidtown, NH 68786",N,miles
237,Emily Jenkins,015-58-5230,"519 Benjamin Oval Apt. 108
Kevinfort, MS 07622",N,miles
238,Gregory Barnes,320-35-3716,"170 Ballard Plaza Suite 182
Rossview, MI 36188",N,miles
239,Joe Salinas,185-11-7523,"060 Jason Islands Apt. 504
Ellenburgh, KY 33251",Y,hours
240,Jennifer Campos,058-58-5269,"Unit 6010 Box 6251
DPO AE 27445",N,miles
241,Nicole Hoffman,064-20-3213,"USNS Mcclain
FPO AA 53221",Y,hours
242,Jason Baker,278-40-2852,"Unit 0338 Box 2830
DPO AE 65793",N,miles
243,Timothy Ray,427-96-9524,"1284 Tiffany Turnpike Suite 586
South Tammyberg, MS 05847",N,miles
244,Bonnie Rose,696-12-2750,"00518 Tyler Estates
Ashleyberg, NM 05821",Y,miles
245,Robert Foley,581-62-7582,"9481 Michelle Court Suite 758
Lewiston, WV 55675",N,miles
246,Stephen Bailey DDS,067-73-0848,"USNS Jackson
FPO AE 43098",N,hours
247,Brian Taylor,220-42-4338,"084 Bass Roads Suite 849
Christophershire, MO 44178",Y,miles
248,Erik Williams,815-49-8081,"872 Mary Brooks
New Susanhaven, OK 08397",Y,miles
249,Robin Donaldson,789-35-3399,"151 William Causeway Apt. 339
South Valerieville, WY 22376",N,miles
250,Steven Carney,236-03-5096,"8194 Young Neck
Baileychester, OH 62685",N,miles
251,Randall Watkins,129-97-9384,"533 Campbell Square
Port Tracyville, TX 52338",N,hours
252,John Reeves,283-04-4731,"4609 Joseph Extensions
Lake Jeffrey, MS 07083",N,hours
253,Jacob Willis,156-54-0265,"8112 Christopher Viaduct Suite 316
Sweeneyfort, ND 99764",N,hours
254,Austin Wilkerson,466-08-8571,"Unit 3178 Box 3108
DPO AE 22220",Y,hours
255,Pamela Sosa,533-32-6384,"607 Lucas Drive Apt. 469
North David, OK 13159",N,miles
256,Patricia Cooper,491-55-1552,"USNV Rogers
FPO AE 48719",N,miles
257,Jeremy Ortiz,774-43-1121,"4718 Sandoval Street
Amandastad, WV 35593",N,hours
258,Betty Sutton,658-40-3154,"39864 Blevins Walks
Smithtown, OH 41340",Y,hours
259,Valerie Collins,173-29-0123,"609 David Crest
West Brian, OR 37342",Y,hours
260,Michael Austin,618-91-3998,"27969 Cody Streets
Pottsmouth, WA 39981",Y,miles
261,Travis Jones,418-36-5690,"88347 Tracy Estate
Masonburgh, MI 57574",Y,hours
262,Anne Mcdonald,514-80-7770,"3269 Debra Rapids Suite 581
New Jasmine, CO 47411",Y,miles
263,Mark Dawson,721-82-7494,"4518 Hernandez Road Apt. 302
Justinborough, WI 55083",Y,miles
264,Richard Perez,535-23-6345,"09060 Summers Ville
North Mary, CT 56336",N,hours
265,Michael Obrien,200-15-4529,"17020 John Point Apt. 475
Alicehaven, PW 99655",Y,hours
266,Jennifer Roberson,624-19-4392,"5450 Kennedy Isle Apt. 242
East Paulborough, FM 52367",Y,miles
267,Matthew Williams,225-74-8136,"4463 Wallace Canyon Suite 695
Benjaminmouth, PA 24127",Y,miles
268,Troy Reynolds,129-83-0480,"2812 Lindsay Tunnel
Jamesberg, AL 87162",N,miles
269,Karen Figueroa,360-99-9104,"977 Cheryl Forest
New Tyler, GU 31885",N,hours
270,Chelsea Armstrong,090-44-9796,"2475 Rangel Land Apt. 460
New Steven, DE 63058",N,hours
271,Jerry Diaz,235-40-4324,"2989 Sierra Throughway
East Kristen, AR 33219",Y,hours
272,Nicholas Alvarado,319-88-2348,"PSC 5868, Box 6442
APO AE 31707",Y,miles
273,Kelsey Williams,799-11-9286,"01293 Henderson Islands
Mistymouth, PW 45135",N,miles
274,Samuel Burns,322-77-9289,"PSC 8159, Box 2507
APO AA 85745",N,miles
275,David Griffith,592-34-5618,"92097 Miller Coves Apt. 028
Jenniferside, MO 25850",N,miles
276,Joseph Chapman,768-38-9955,"6522 Jones Mission
Reyesberg, WA 47117",N,hours
277,Danielle Lindsey,243-25-8816,"70701 James Villages
Ashleystad, OK 54816",Y,miles
278,Joshua Miller,061-79-1437,"6250 Beck Heights Apt. 859
Scottfort, ND 29924",N,hours
279,Kimberly Owen,451-19-5451,"065 Bates Streets
Millertown, NE 16188",N,hours
280,Patricia Vega,805-34-5893,"764 Sutton Burgs
East Jason, NH 43411",Y,hours
281,Mary Jackson,189-14-3537,"470 Jasmine Valley
Lake Anafort, SC 83470",N,miles
282,Victor Hunter,084-20-7932,"0474 Hoover Heights
Taylortown, AR 61919",N,hours
283,Jonathan Knight,052-01-2049,"63837 Benjamin Parkways Apt. 222
New Daniel, WV 00940",N,hours
284,Laurie Johnson,092-03-4494,"507 Espinoza Plain Suite 080
Millerville, KS 80457",N,miles
285,Christopher Hutchinson,790-47-4005,"871 Micheal Plaza Suite 563
Christopherton, TN 89917",N,hours
286,Jerry Hudson,511-89-2280,"367 Heather Forges Apt. 016
Smithport, SC 07597",Y,miles
287,Todd Hicks,141-97-2543,"602 Joseph Alley
New Michaelberg, HI 44384",N,miles
288,Michael Perry,019-10-8486,"275 Salazar Dam Apt. 983
Hillville, MO 33299",N,hours
289,Stephanie Lane,707-33-0080,"09272 Matthew Island Apt. 988
South Sierramouth, SD 75130",N,miles
290,Gina Wilson,818-16-0178,"9208 Scott Wall Suite 377
East Melissa, ME 60936",Y,miles
291,Stacey Burns,462-79-1524,"77420 William Vista
Nathanchester, TN 18298",N,miles
292,Laurie Ramirez,232-60-1238,"3629 Nixon Estates
West Theresaport, MP 51151",Y,miles
293,Rhonda King,357-54-3657,"50088 Trevor Locks Apt. 202
Harrisbury, CA 79012",N,hours
294,Tina Barrett,874-73-0204,"671 Tammy Prairie Apt. 685
Isabelside, MD 91566",Y,hours
295,Cheyenne Carter,644-46-7166,"4587 Ramirez Lane
Schneiderchester, NV 06249",N,miles
296,Cameron Hoffman,690-07-3464,"321 Robert Courts
Smithmouth, NE 95275",Y,miles
297,Brian Golden,117-62-0848,"3995 Jerry Prairie Apt. 513
Nathantown, IL 87442",N,miles
298,Nicholas Jones,408-20-8173,"08131 Perez Club
Javierhaven, AZ 00517",N,miles
299,Karen Kaufman,406-74-4104,"84605 Chase Parks Suite 326
West Tina, PW 62868",N,hours
300,Carlos Rowe,611-26-0080,"83579 Corey Island
Suzanneberg, UT 15349",Y,miles
301,Jasmine Fitzgerald,458-13-7218,"361 Meyer Center
Lake Markstad, OH 26381",Y,hours
302,Michael Pacheco,242-12-6146,"344 Steven Rest Suite 748
Flowersland, NC 71943",Y,miles
303,Diana Mathews,773-12-2793,"6718 Evans Prairie
Allisonfort, SD 78241",Y,miles
304,William Martin,489-97-2068,"45203 Conner Cliff Suite 729
Caseton, CT 95116",N,miles
305,Steven Harris,277-53-8975,"46904 Rodriguez Station Apt. 950
Kathleenmouth, KS 10774",Y,miles
306,Nicole Williams,676-39-6427,"63881 William Ridges Apt. 614
New Deniseshire, MT 72517",N,hours
307,Joanna Woods,366-94-9865,"233 Wanda Avenue
Annaport, DE 41802",N,hours
308,Carolyn Morales,260-05-7705,"953 Green Port
West Williambury, NM 21441",N,hours
309,Thomas Freeman,706-66-7515,"5740 Hernandez Bypass Apt. 219
South Jamesfurt, KS 32686",Y,miles
310,Rebecca Thompson,432-63-5514,"25175 Edwards Trail Suite 953
Amandahaven, OR 16634",Y,hours
311,Danielle Brewer,842-43-6502,"642 Kristina Station Suite 864
North Ronaldmouth, FL 93647",Y,miles
312,Chelsea Summers,255-37-3504,"568 Shelly Greens Suite 964
East Kent, VI 30210",Y,hours
313,Troy Salazar,217-64-6409,"838 Kyle Ville
Cindyport, UT 92070",N,hours
314,Madeline Barrett,476-96-1767,"8371 Andrew Locks Apt. 434
Thomasbury, CT 04663",N,hours
315,Brendan Smith,324-68-7466,"PSC 5744, Box 1889
APO AE 18338",Y,miles
316,James Horne,252-45-0918,"USCGC Bender
FPO AP 74233",Y,miles
317,Joshua Goodwin,059-92-2332,"666 Rebecca Mall
East Thomas, WV 17154",Y,hours
318,Sandy Smith,086-57-4736,"2441 Booker View Apt. 404
New Michelle, MA 57932",N,hours
319,Michael Brown,492-84-0107,"74619 William Manor
South John, OR 35152",Y,miles
320,Michael Graham,626-60-2614,"9560 Vargas Pass
East Annamouth, NC 22466",N,miles
321,Ann Boyle,286-39-4768,"548 Matthew Fords
Kevinside, MS 64263",Y,miles
322,Michelle Wallace,600-13-9520,"USNS Johnson
FPO AA 53977",N,hours
323,Miss Diana Marquez MD,348-47-4698,"7745 Meza Gateway
Scottmouth, AR 38510",Y,hours
324,Terry Spears,090-55-7296,"223 James Ridge Suite 332
New Sophia, VA 45865",N,hours
325,Rachel Wright,179-73-0036,"040 Ross Rapids
North Robert, MP 33120",N,hours
326,Patrick Reilly,356-68-6181,"4311 Gregory Fields
Paulville, MP 45390",Y,miles
327,Jonathan Torres,144-13-1760,"7739 Bailey Islands
Englishhaven, AS 11127",Y,hours
328,Elizabeth Parker,734-59-7751,"01802 George Isle Suite 229
Susantown, OK 98896",Y,miles
329,Sarah Hardy,222-31-5992,"396 Tyler Cove
Brianland, FL 30627",Y,hours
330,Jesse Lopez,833-03-0618,"899 Brianna Pine Suite 197
Hesshaven, AR 05525",N,hours
331,Alicia Schneider,005-52-7456,"182 Young Drive
Lake Williamview, MA 45064",Y,hours
332,Kristin Molina,582-90-0467,"PSC 6559, Box 8815
APO AE 74712",Y,hours
333,Kristen Barber,016-48-2844,"5180 Ashley Road Suite 763
West Nancyborough, NY 99199",Y,hours
334,Jason Yates,895-84-5456,"156 Kathy Road
South Nathan, ME 59621",Y,miles
335,Patrick Lewis,742-34-9930,"484 Campbell Parkways Apt. 543
New Christopher, NJ 53516",N,hours
336,Shannon Taylor,363-47-6438,"477 Jeffery Court Suite 211
West Jamesbury, WV 67191",N,miles
337,Lindsey Arnold,599-84-3867,"16388 Natalie Oval
New Williamstad, NV 53472",Y,hours
338,Mark Rodriguez,479-36-8657,"1152 Charles Groves
New Douglastown, AS 41831",Y,miles
339,Sharon Hensley,259-53-2646,"82129 Mark Mission
Parkerland, VA 64087",Y,miles
340,Samantha Hamilton,428-44-9244,"2022 Richard Valley Apt. 390
Hammondland, KS 53994",Y,hours
341,Regina Shah,233-96-4406,"9156 Robin Mall Suite 872
Port Katherine, GA 75743",N,miles
342,David Wilson,455-29-1297,"13254 Randall Brooks
West Rebeccahaven, PA 32379",Y,miles
343,Emily Stark,156-29-9495,"61940 Jennifer Turnpike Suite 435
Port Lisa, LA 75918",N,miles
344,April Smith,493-93-6874,"9357 Ramsey Island Suite 891
South Michaelmouth, NJ 54649",N,miles
345,Samuel Galloway,076-17-8220,"USCGC Schwartz
FPO AE 01299",N,miles
346,Phillip Rivera,569-31-6772,"9821 Wolfe Drives
North Jennyberg, MS 49823",Y,miles
347,Gary Hamilton,251-83-0432,"913 Angela Trail
East Samanthafurt, IN 54533",Y,hours
348,Jeffrey Johnson,393-31-9719,"Unit 1108 Box 1219
DPO AA 62114",Y,miles
349,Bradley Armstrong,469-35-1082,"037 Fry Underpass Apt. 504
Montgomeryhaven, AR 74444",Y,miles
350,Ryan Brown,084-07-4833,"3543 Ballard Underpass Suite 859
East Scott, ME 05585",N,hours
351,Amy Jackson,416-98-8652,"1955 Sally Via
Spenceside, WY 88952",N,hours
352,Chelsey Cole,888-78-4601,"67025 Justin Causeway
Bethberg, OH 17335",N,hours
353,Juan Webb,493-65-4150,"282 Bethany Ridge Apt. 865
Lake Lucasland, FM 05669",Y,hours
354,Mark Kennedy,182-26-9973,"72390 Nash Pines
South Veronica, MO 67914",N,miles
355,Leslie Beck,519-93-5292,"3809 Peterson Hills
New Calvinmouth, PW 32817",N,hours
356,Christopher Jackson,473-89-7129,"558 Porter Well Suite 377
East Scott, AL 58146",Y,miles
357,William Contreras,330-81-8552,"2746 Thomas Centers Suite 570
Lake Kevinport, NJ 57851",N,hours
358,Jason Brock,800-94-0169,"63001 Hannah Run
New Kelly, OH 98112",N,hours
359,Sarah Long,232-48-1757,"USCGC Taylor
FPO AA 75154",Y,hours
360,Alexandria Miller,860-08-9309,"98133 Lori Via Apt. 048
Lewisview, WV 63116",Y,miles
361,Ryan Rodgers,051-76-8732,"PSC 9332, Box 2683
APO AP 33856",Y,hours
362,Caleb Wolf,350-08-7858,"PSC 3780, Box 2892
APO AE 29341",N,miles
363,Brandi Zimmerman,493-48-9949,"2292 Jacobs Lane
New Ryan, MI 07737",N,miles
364,Lawrence Allen,631-92-1824,"37286 Veronica Shores
New Annette, OH 24697",N,miles
365,Mary Jackson,474-28-9605,"5372 Johnson Hollow Apt. 964
Adamtown, OR 66911",N,hours
366,Tiffany Crosby,374-97-1731,"75064 Ryan Ports Suite 041
Silvaland, RI 87232",N,miles
367,Amanda Stevens,182-47-0184,"3288 Gates Meadows Apt. 957
Port Christinamouth, AK 59695",N,hours
368,John Hale,232-05-4967,"1683 Mcdaniel Views Apt. 397
Coreyfurt, FM 45324",Y,miles
369,Laura Holden,782-59-6316,"098 Anderson Mission
South Jamesport, ID 66294",N,miles
370,Lisa Gibson,466-50-2388,"197 Leah Spur Suite 439
Hollystad, UT 08006",N,hours
371,Audrey Bennett,383-31-5212,"PSC 8478, Box 1499
APO AE 09951",N,miles
372,Joseph Jensen,420-20-4276,"943 Krista Village Suite 232
Santosburgh, PA 08344",Y,miles
373,Mrs. Andrea Harris,295-13-6153,"2412 Mccormick Locks Suite 697
Walshstad, TX 44299",N,miles
374,Nancy Morales,317-49-9164,"PSC 2048, Box 5086
APO AA 33312",Y,miles
375,Patrick Norris,816-79-8606,"855 Timothy Road Suite 493
North Judithfurt, MT 44822",Y,hours
376,Tracy Mcneil,355-48-2258,"873 Pennington Lodge Apt. 806
West Julie, AL 17624",Y,hours
377,Gabriel Pruitt,453-52-2043,"95228 Edwards Trail Suite 984
Summersmouth, KY 83821",N,miles
378,Dr. John Walters,524-37-6499,"4624 Katie Square Apt. 373
New Andrew, MT 02680",N,miles
379,Allen George,577-37-2486,"563 Laura Orchard Suite 269
Leeville, LA 60003",Y,miles
380,Joshua King,737-73-0409,"PSC 9978, Box 8827
APO AE 58113",Y,miles
381,Scott Thomas,061-71-8662,"4245 Alison Stravenue Apt. 334
Davilaland, RI 00916",Y,hours
382,Latoya Mcneil,489-98-5769,"1877 Don Brooks
Whiteton, IN 59273",N,hours
383,Chase Morgan,392-51-6294,"418 Kimberly Unions
Jamesstad, SD 95850",Y,hours
384,Jessica Guerrero,281-40-5596,"4425 Sanchez Roads
East Bonnie, IL 13747",N,hours
385,Meagan Becker,405-83-0732,"605 Evan Villages
New Heather, AK 70840",N,miles
386,Shawn Bush,051-18-2728,"34301 Gutierrez Grove
Irwinmouth, GU 04589",Y,hours
387,James Stein,086-29-5382,"08788 Rice Pass Apt. 862
Henrytown, VI 06811",Y,miles
388,Claudia Smith,713-20-0044,"721 Salazar Throughway
Hernandezbury, CO 40813",N,hours
389,Bobby Roth,098-80-2731,"4849 Karen Trafficway
Mcfarlandfurt, NJ 50905",Y,miles
390,Mr. Robert Jacobs,620-85-8801,"989 Lee Cliff
Lorimouth, RI 40885",N,miles
391,Debra Brown,505-82-7528,"608 Rodriguez Court Suite 230
Vanessamouth, TN 32566",N,miles
392,Daniel Wheeler,386-45-4878,"4438 Ward Heights
Stephensonmouth, IL 76524",Y,hours
393,Sarah Pruitt,061-71-8495,"1423 Kim Parkways
Jefferyshire, NV 75129",Y,miles
394,Jimmy Mckee,277-92-7628,"905 William Mountains Suite 440
Michaelbury, OH 89500",N,hours
395,Charles Travis,493-50-5536,"PSC 3085, Box 9517
APO AP 17277",Y,miles
396,Sara Alexander,534-14-9241,"PSC 5822, Box 5663
APO AA 95826",N,hours
397,Steven Jacobson,458-24-3440,"PSC 3110, Box 2086
APO AA 38236",Y,hours
398,Karen Jackson DDS,439-49-6921,"46171 Banks Course Apt. 613
Leetown, PA 54525",Y,miles
399,Christopher Martinez,868-73-1928,"52389 Hunter Run Suite 225
Lauraburgh, PW 06486",Y,miles
400,Amber Fowler,235-61-1871,"350 Hannah Brook
East Rebeccafurt, NH 32743",Y,hours
401,David Roberts,724-10-3198,"32085 Valerie Crest
West Jenniferhaven, AL 96431",Y,miles
402,Stacy Lewis,127-08-9286,"1054 Brown Road Apt. 703
North Richard, TX 81026",Y,miles
403,Sandra Gay,225-79-0218,"947 Daniel Cape
Michaelview, MT 72642",N,hours
404,Gwendolyn Stevens,817-07-4386,"7514 Sylvia Forges Apt. 165
Port Karen, NJ 98535",Y,hours
405,Kimberly Crawford,334-81-3337,"774 Wilson Freeway
Thomaschester, MO 66400",N,miles
406,Alan Cordova,010-75-0167,"USS Valdez
FPO AP 02924",Y,hours
407,Patrick Carlson,711-10-3324,"58638 Knapp Trace Suite 962
Port Lisaborough, NC 63502",N,hours
408,Elizabeth Perry,125-29-5283,"7447 Sally Avenue Suite 393
Port Melissaberg, ME 61026",N,hours
409,Antonio Smith,571-86-3250,"7077 Patty Roads Apt. 780
Breannaberg, OH 11893",Y,miles
410,Tina Lloyd,720-98-8542,"76117 Duncan Dale
East Mariaville, PA 09612",N,miles
411,Donald Morgan,747-23-2690,"563 Sandra Motorway Apt. 928
Mosleyberg, TX 32424",Y,hours
412,Stephen Hill,297-42-8842,"1385 Norton Prairie
Gilmoreborough, NJ 97637",Y,miles
413,Ryan Valencia,286-28-0710,"Unit 2167 Box 2245
DPO AP 25736",N,miles
414,John Romero,670-54-0390,"31786 Dean View
Transide, MP 55893",Y,miles
415,Tamara Grant,509-70-0550,"52792 Timothy Walks
Port Calebville, MT 19129",N,hours
416,Carmen Perkins,120-57-7043,"203 Jamie Row
North Melindaborough, MD 17398",N,hours
417,Gina Robbins,360-48-8673,"PSC 9097, Box 9005
APO AA 08411",N,miles
418,Kathy Sullivan,231-18-9262,"Unit 7038 Box 3469
DPO AA 54379",Y,hours
419,Zachary Hopkins,121-93-9580,"904 Jonathan Manors Apt. 617
Brandonborough, MP 92346",Y,hours
420,Steven Davis,334-22-2492,"513 Church Avenue
Kathrynfort, MH 09789",Y,hours
421,Carol Harris,787-58-4078,"PSC 3850, Box 3015
APO AA 35765",N,hours
422,Andrea Brewer,011-01-4644,"PSC 0136, Box 6964
APO AE 92834",Y,hours
423,Julie Fields,192-09-2847,"Unit 0873 Box 1128
DPO AP 77602",N,hours
424,April Sanders,295-59-1609,"Unit 6239 Box 9375
DPO AE 70499",N,hours
425,Felicia Parks,410-58-7018,"697 Hanson Cliffs
North Alanmouth, KY 24283",Y,miles
426,Audrey Craig,839-20-5014,"503 Michael Point
East Harry, MP 36224",N,hours
427,Logan Johnson,154-55-5383,"708 Callahan Valleys Apt. 104
North Jamesview, WV 63200",N,miles
428,Robert Smith,202-68-2453,"Unit 4178 Box 4985
DPO AA 94990",Y,hours
429,Zachary Edwards,439-11-3401,"831 Ramirez Mission
New Jenniferborough, VA 80576",N,miles
430,Kenneth Gordon,618-53-0793,"0395 Lawson Motorway Suite 449
Port Jeremyside, MT 94713",N,hours
431,Terri Roy,739-30-9353,"00691 Everett Divide
Bradleyton, SD 84405",N,miles
432,Thomas Spencer,581-44-9618,"09476 Baker Squares Apt. 225
Ramosland, MH 17928",N,hours
433,Cesar Lane,164-76-9211,"Unit 3088 Box 6067
DPO AA 46980",Y,miles
434,Christine Smith,894-10-0767,"1275 Sandra Shoals Suite 483
Sarahton, GU 70073",N,hours
435,Shannon Moore,862-60-1001,"4947 Eric Parkway Suite 763
South Mariashire, FL 78247",N,miles
436,William Juarez,852-18-8422,"0974 Theodore Road
South Terrimouth, DE 33607",N,miles
437,Sharon Williams,859-32-4239,"31003 Holloway Road Suite 007
North Christina, FM 37394",Y,miles
438,Richard Washington,842-42-0092,"289 Patrick Key Apt. 321
Williammouth, LA 33095",Y,miles
439,Sarah Young,830-67-9815,"4077 Angel Isle Apt. 599
Johnsonberg, CA 79935",N,hours
440,Stephen Bass,673-88-0252,"023 Duncan Falls Apt. 848
North Jose, WI 77064",N,hours
441,Charles Huynh,535-31-9985,"PSC 4104, Box 4962
APO AA 02896",N,miles
442,Alisha Thompson,185-78-0539,"260 Jackson Parkway Apt. 227
Port Dorothyburgh, DE 01545",N,miles
443,Paul Zimmerman DVM,234-27-5265,"9288 Dorsey Wells Apt. 871
East Sarahstad, IL 53612",N,hours
444,Jessica Smith,325-54-1781,"64374 Patel Burgs Apt. 491
Terriview, SC 59007",N,hours
445,Danny Morris,299-82-8252,"9324 Jeremy Row Suite 193
Lake Johnfort, NE 00726",Y,miles
446,Brian Martinez,780-73-6954,"0801 Nelson Path Apt. 986
South Courtneyport, KY 60315",Y,miles
447,Robin Arias,468-46-7239,"8337 Walker Mountain Apt. 109
Tylerburgh, WV 07058",Y,miles
448,Kevin Johnson,653-58-7687,"766 Hernandez Wells Apt. 646
South Stephanie, NM 99535",N,miles
449,Jeremy Freeman,273-67-9210,"PSC 5822, Box 6410
APO AP 05679",N,miles
450,Lauren Martinez,767-33-7483,"65167 Pitts Garden
West Laura, VT 44605",Y,miles
451,Michelle Thompson,590-64-6205,"88715 Nicole Villages
Taylorside, KY 88808",N,hours
452,Matthew Williams,690-37-0689,"186 Natalie Isle
Hollyville, PW 90347",N,hours
453,Daniel Bond,080-17-6403,"96322 Tiffany Circles
Jasonville, TN 15983",N,miles
454,Jasmine Walls,703-27-1832,"6420 Michael Square
Mccoyborough, DE 74662",N,miles
455,Miss Susan Miller,642-51-1472,"300 Hughes View Apt. 954
Arnoldville, MA 52287",N,miles
456,Vickie Olson,251-72-4626,"77438 Gerald Ford
Gonzalesville, NH 89151",Y,miles
457,Robert Hogan,593-77-4708,"24039 Tina Gateway
Christophershire, FL 06197",Y,hours
458,John Brown,429-48-4884,"87206 Jessica Well Suite 493
Amytown, IN 07644",Y,miles
459,Shawn Robinson,193-49-9929,"6370 Susan Plains
East Ashley, IA 54765",N,hours
460,Kevin Jordan,207-50-0994,"448 Morales Hollow
Port Jimmy, GU 04385",Y,miles
461,Kyle Lee,772-37-3061,"69597 Katie Plains Suite 375
West Stephaniestad, GU 86983",N,hours
462,Natalie Lee,219-18-1104,"064 Pratt Forge Apt. 005
New Emilyview, KY 06487",N,hours
463,Christopher Pacheco,884-74-7645,"99275 Scott Union Suite 657
East Kellyhaven, LA 18128",Y,miles
464,Patricia Gomez,344-90-0490,"PSC 1049, Box 2275
APO AP 52848",N,miles
465,Thomas Thomas,681-43-0809,"Unit 9573 Box 6343
DPO AP 52536",Y,miles
466,Dr. Tracy Miller,403-72-1479,"PSC 4903, Box 5444
APO AP 54325",Y,hours
467,Anna White,106-38-9028,"7987 Bautista Club
South Anthonyborough, IN 92199",N,hours
468,Timothy Calderon,756-80-3739,"2378 James Cliffs
West Elizabethborough, TX 80330",Y,miles
469,Wesley Waters,103-11-1320,"366 Johnson Row
East Amy, PW 99504",Y,hours
470,Misty Morales,288-90-7059,"6335 Blair Path
Cookside, NC 16519",N,hours
471,Joseph Jones,088-89-0639,"422 Black Points Apt. 478
South Brandon, WV 70961",N,miles
472,Taylor Wheeler,149-36-5914,"72654 Jacobs Fields
Tammyfurt, TX 28755",Y,hours
473,Jeff Jimenez,129-83-7025,"0896 Terri Flats Apt. 341
Kevinland, IL 77686",Y,hours
474,Charles Anderson,580-58-8525,"4590 Daniel Shores
Martinezport, AZ 60376",Y,miles
475,Jason Moore,710-65-9396,"54028 Shawn Orchard
East Wyattstad, GU 26220",N,miles
476,Christian Daniel,179-42-2397,"6939 Powell Freeway
Arnoldfort, CA 36199",N,hours
477,Hunter Phillips,209-95-8991,"26895 Johnson Overpass Suite 247
Martinside, IA 13493",N,miles
478,James Harrison,077-72-5365,"976 Huff Coves Apt. 659
Antonioborough, OH 75260",N,miles
479,Rebecca Reynolds,639-92-1852,"4207 Matthew Avenue Suite 596
Lake Michele, NC 41556",N,hours
480,Billy Fuller,386-28-4354,"98378 Parker Well Apt. 602
Matthewfort, MT 36176",N,miles
481,Mr. Zachary Coleman,790-81-4322,"3702 William Village Apt. 988
Crystalmouth, ND 11468",N,hours
482,John Thompson,044-86-7102,"2990 Brianna Parks
New Cynthiaview, MS 28829",N,miles
483,Emily Robertson,284-05-6052,"521 Lori Plaza
East Amandafurt, PA 81740",Y,hours
484,Paige Gilmore,513-14-3310,"7050 Monica Mills
Boylemouth, CA 86951",Y,miles
485,Jamie Tapia,316-79-1031,"8531 Justin Crossing
East Shane, AK 96261",N,hours
486,Madison Bryan,741-60-7235,"0936 Scott Well
Johnborough, ME 38600",N,miles
487,Jeremy Combs,221-62-4880,"USNS Ramirez
FPO AA 59652",N,miles
488,Maurice White,858-55-7886,"81620 Bailey Branch Apt. 795
Diazmouth, GA 51241",N,miles
489,Douglas Shaw,775-14-2126,"8495 Samantha Isle Apt. 100
North Nicole, OH 70121",N,miles
490,Lisa Anderson,202-66-6041,"2854 Mendoza Port Suite 680
Stephenhaven, TX 51840",N,miles
491,Michael Maynard,310-26-0234,"PSC 7860, Box 9698
APO AP 98120",Y,hours
492,Jeffrey Robinson,891-56-1009,"41945 Buchanan Place Suite 697
South Johnfort, MN 32884",Y,miles
493,Kristen Brewer,203-67-2657,"4049 Meyer Place Suite 050
Port Stephen, PW 26563",Y,miles
494,Robert Boyd,402-58-4852,"92025 Gonzalez Dam
Vincentbury, MH 72080",N,hours
495,James Hall,678-27-5400,"5672 Miller Cliff
Derrickchester, DC 40008",Y,hours
496,Jerry Gonzalez,299-77-3129,"378 Brandon Plains
Clinestad, NM 30572",N,hours
497,Katelyn Gallagher,078-54-2646,"Unit 6504 Box 8441
DPO AA 04818",Y,hours
498,Tonya Lane,154-74-1446,"006 Jason Station Apt. 855
Kimberlyberg, NM 58781",Y,hours
499,Robert Wade,871-75-4452,"61287 Susan Lake Suite 428
Williamsburgh, DE 87164",Y,miles
500,Hunter Levy,799-99-7746,"71923 Wendy Courts
Richardmouth, IN 24190",N,hours
501,Tara Finley,856-67-6400,"888 Martinez Trace
Eduardoside, FL 17304",N,miles
502,Destiny Morales,231-60-8346,"24360 Wade Land
South Stacy, UT 07811",N,hours
503,Thomas Lindsey,088-26-6332,"6257 Kelly Trail Apt. 297
Lake Rachael, WY 67356",N,hours
504,Mark Thomas,166-48-7415,"077 Michelle Gardens
Port Sharon, AK 65460",N,hours
505,James Reed,309-25-4790,"6892 Jennifer Port Apt. 569
Hernandezmouth, ME 69756",Y,miles
506,Ann Williams,277-23-2404,"48133 Patricia Route
Kimberlyfort, WY 62635",Y,miles
507,Alyssa Smith,180-10-4932,"15606 Turner Creek Suite 205
Maysshire, OK 64577",Y,miles
508,James Morrison,255-59-8455,"4494 Conrad Crest
North Patricia, CO 79873",Y,hours
509,Elizabeth Hudson,283-94-3730,"66913 Sherri Points Apt. 761
East Alexandrabury, PR 47338",N,miles
510,Ashley Jones,199-39-0194,"6610 Kelly Pines Apt. 886
East Joseshire, ID 44024",N,hours
511,Justin Thompson,426-66-2108,"6051 Brian Viaduct
Emmastad, VI 54628",N,hours
512,Brian Davis,330-60-7869,"Unit 2595 Box 3362
DPO AP 36077",N,hours
513,Jose Miller,691-84-2743,"7610 Meza Brook Suite 831
New Larry, VA 58000",Y,hours
514,Paula Cross,679-87-5681,"199 Monica Circle Suite 408
Turnerhaven, MS 77256",Y,miles
515,Richard Moore,330-18-4919,"262 Lauren Run Suite 767
South Matthewville, MD 75832",Y,hours
516,Lisa Zhang,117-67-8155,"5622 Jesse Shoals
Port Charlesberg, IA 78343",N,hours
517,Christine Bush,131-53-3797,"65258 Bailey Course Apt. 212
Christopherland, CT 54875",Y,hours
518,Morgan Schmidt,176-49-3415,"30941 Kevin Forest
Ryanview, ND 17350",Y,hours
519,Francisco Dunn,248-09-2359,"567 Brown Via
New Michaelville, KS 05788",N,hours
520,Patricia Williams,212-80-4898,"1747 Richards Neck
New Haydenton, NE 78779",Y,hours
521,Angie Watson,515-39-5385,"24463 Martin Street Suite 182
Royborough, ID 50129",N,miles
522,Robert Soto,259-94-0153,"2652 Patrick Haven Suite 638
Davidshire, WY 98809",Y,miles
523,Robert Williams,722-52-3929,"USCGC Gutierrez
FPO AE 58551",N,miles
524,Christopher Cantrell,792-31-7331,"12432 Moyer Ranch Suite 249
New Emilyberg, PW 28885",N,miles
525,Geoffrey Mccall,419-44-1280,"96518 Bradford Stream Apt. 390
Port Lydia, MH 35786",N,miles
526,Maria Ramsey,743-38-9271,"87252 Daniel Point
Kathytown, PW 21830",N,hours
527,Gabriel Hall,468-20-8841,"886 Edwards Estate
Steventown, WY 71226",Y,miles
528,Victor Taylor,196-81-6066,"00721 Steven Mountain Suite 847
Hammondfort, CT 22237",N,hours
529,Thomas Greer,094-74-8393,"41761 Shelton Expressway
South Jeffrey, LA 08959",N,hours
530,William Rogers,856-98-1089,"716 Chang Canyon
Lake Bryan, WY 65510",N,miles
531,Tiffany Adams,290-87-2614,"39798 Cynthia Mission
Johnton, AZ 72305",Y,hours
532,Stephen Barton,543-15-7505,"098 Mendez Ways
Davischester, UT 87171",N,hours
533,Melanie Williams,629-07-5051,"9523 Charles Springs Suite 585
Jonathanmouth, VA 23366",Y,miles
534,Jon Walter,661-37-3544,"Unit 3738 Box 0734
DPO AA 57577",N,miles
535,Joseph Harrington,695-52-2559,"782 Stephanie Crossing Suite 105
Robertbury, TX 06526",Y,hours
536,Gregory Perry,887-06-6274,"PSC 0348, Box 5726
APO AE 26332",Y,miles
537,Jerry Moreno,101-78-7559,"47127 Hayes Oval Apt. 883
Port Maryville, OH 80534",N,miles
538,Megan Anderson,214-75-2724,"Unit 1650 Box 8848
DPO AE 27875",Y,miles
539,Bobby Hall,759-92-2690,"346 Shannon Lights
Port Jameston, CA 19802",Y,hours
540,Joshua Harris,435-88-6340,"935 Angela Harbor
Silvaberg, ND 53395",N,hours
541,Justin Goodman,486-44-6628,"92439 Lisa Station Suite 850
North Jenniferport, TX 05482",N,hours
542,Anthony Duran,865-66-7193,"569 Frazier Well Apt. 291
Martinezburgh, OR 45156",N,miles
543,Anna Ray,076-24-5717,"23272 Harris Burgs
South Brittanyshire, VT 81252",N,miles
544,Elizabeth Martin,663-90-7158,"472 Russell Squares Suite 792
West Elizabeth, FL 77755",Y,hours
545,Tami Bowen,211-51-3597,"3276 Wood Key Apt. 964
Lake Kellyburgh, WA 16712",Y,hours
546,Sheena Cook,796-65-5829,"86543 Eric Station Apt. 985
East Brandyville, KY 01681",N,hours
547,Christopher Cox,731-89-2392,"51190 Torres Cape
Gregoryborough, NV 09614",N,hours
548,Erin Davis,770-69-8972,"4721 Meghan Pines Suite 980
Erinberg, ND 62522",Y,miles
549,Thomas Jones,518-51-9611,"222 Oscar Rapids Suite 546
Alvaradofort, CO 17762",N,miles
550,Scott Hardy,534-90-1654,"007 Sanchez Point
Maryfurt, AS 56392",N,miles
551,Katherine Franco,799-29-6550,"68898 Brown Row Apt. 203
Port Jenniferville, UT 55229",Y,miles
552,Madison Guerra,750-28-9563,"6645 Bailey Parks
Smithborough, NV 21614",N,miles
553,David Hoffman,230-76-2736,"8751 Washington Keys
Feliciastad, NJ 53423",Y,miles
554,Tammy Hernandez,608-73-5506,"871 West Grove Suite 180
New Brenda, GA 75126",N,miles
555,Eric Bullock,194-73-1935,"PSC 5271, Box 2624
APO AE 59598",Y,miles
556,Sandra Evans,453-73-5722,"57530 Keith Fields
Thompsonmouth, MS 65466",N,miles
557,Hannah Noble,240-48-2630,"88695 Lori Plaza Suite 578
Lake Christopherview, WA 98311",Y,hours
558,Stephen Collins,785-87-4507,"533 Brown Lodge Apt. 271
Heatherburgh, DC 83477",Y,miles
559,Samantha Allen,464-67-2000,"5735 Carl Mount Suite 784
Kingburgh, MS 42157",N,miles
560,Michael Green,778-86-0772,"256 Jaime Hills Apt. 712
Reynoldsshire, IN 46678",Y,hours
561,Karina Ruiz,826-81-5141,"3983 Laura Terrace
Sherribury, NE 53172",Y,miles
562,Dr. Brian Davis,218-38-4459,"8534 Bishop Burgs
Nashland, TN 02896",N,miles
563,Stacy Wilson,450-51-2252,"349 Mcdonald Isle
Lake Linda, FM 56393",Y,miles
564,Paul Wright,391-33-9982,"926 Tanner Flats Suite 222
North Ronald, AR 91400",N,hours
565,Kimberly Wright,311-18-0330,"207 Michael Mountains Suite 962
Jacksonport, MP 22632",Y,hours
566,Melissa Park,165-89-5847,"4141 Ramirez Rapid
Michaelside, MP 82577",Y,hours
567,Michelle West,559-10-8771,"797 Margaret Highway Suite 666
Griffinland, NJ 33417",N,hours
568,Kelly Mckinney,821-47-1831,"2584 Anderson Spurs
Lake Melanieville, HI 10283",N,hours
569,Amanda Rivera,721-60-5422,"3556 Clarke Light Suite 632
Simmonstown, IL 35013",Y,miles
570,Taylor Todd,478-32-4848,"0070 James Road
New Jenniferview, OR 47844",Y,hours
571,Krista Owens,660-34-3152,"81520 Brian Mountain
South Cliffordfort, WA 66928",Y,miles
572,Angela Lopez,432-19-8767,"2269 Elizabeth Mountain Apt. 376
Haynesborough, OK 71607",Y,miles
573,Kimberly Padilla,469-08-4706,"5558 Calhoun Points
Wattsside, AL 17079",Y,miles
574,Michael Lewis,111-04-2613,"524 Francis Flat Apt. 790
South Joseph, MH 74567",N,miles
575,Diamond Wright,608-01-2842,"145 Andre Canyon
Wilsonview, AS 25443",Y,miles
576,Tyler Fletcher PhD,252-73-0543,"031 Nelson Route Apt. 506
New Donaldberg, CA 23671",Y,hours
577,Michael Rogers,102-70-3511,"962 Jennifer Forge
Lake Jameston, MI 27380",N,hours
578,Miss Crystal Perez,562-38-3435,"687 Kimberly Common Suite 550
Laurafort, FL 36682",N,miles
579,Mrs. Tiffany Frank,242-31-7197,"Unit 9892 Box 5001
DPO AE 87397",N,miles
580,Ariana Walker,197-36-0195,"10551 Schmidt Common Apt. 677
Mccallport, AZ 04649",N,hours
581,Daniel Hoffman,358-49-3734,"41647 Victoria Route Suite 079
Port Laurenberg, CT 73285",Y,hours
582,James Davis,829-18-6829,"USNV Zimmerman
FPO AA 42933",Y,miles
583,Gary Lewis,890-11-2848,"75999 Megan Junction
New John, PA 60639",Y,hours
584,Manuel Mendoza,084-39-1189,"547 Robert Springs
North Jacob, MP 90018",N,miles
585,Crystal Clark,166-39-3869,"4570 Adrian Bridge Apt. 329
Andreafort, AL 12876",N,hours
586,Joshua Ray,166-72-0471,"8848 Colton Port
South Harryborough, PR 33682",N,hours
587,Anna Silva,831-69-5247,"488 Allison Trafficway
West Robertbury, CT 31064",N,hours
588,Stephanie Hughes,846-93-0521,"8712 Johnson Ridge
East Haley, WI 10259",Y,miles
589,Katherine Rodriguez,297-19-3965,"91837 Castillo Crossroad
South Todd, DC 57268",Y,miles
590,Amanda Kim,564-28-4405,"2291 Hood Circles
East Anthonyville, AR 06093",Y,hours
591,Samuel Hahn,834-96-4710,"Unit 5401 Box 9652
DPO AE 28378",Y,hours
592,William Beck,122-29-0255,"5669 Barber Trail Suite 096
Jamesbury, PW 76013",Y,miles
593,Corey Williams,494-42-9628,"93960 Erik Throughway
Aaronport, AS 12715",N,hours
594,Ashley Pineda,856-36-7405,"1181 Justin Creek
East Janeville, VT 73045",Y,hours
595,Annette Wright,625-60-7629,"Unit 7491 Box 5234
DPO AE 56789",N,hours
596,Willie Nelson,111-41-9919,"93557 Karen Burgs Suite 250
Port Amy, MP 69809",N,hours
597,Joshua Castillo,427-96-3178,"711 Alicia Lake
Johnsonchester, AK 22801",N,miles
598,Heidi Luna,406-02-9202,"0567 Salazar River Suite 889
East Colleenshire, PW 18259",Y,miles
599,Joseph Werner,473-55-4662,"762 Natalie Drives
North Jennifer, OK 17781",Y,miles
600,Olivia Jacobs,042-91-0729,"3959 James Rest
Jonestown, OR 23649",Y,miles
601,Corey Hale,038-14-1839,"5923 Lawrence Pike
South Alexander, IL 53702",N,hours
602,Anthony Russell,584-81-0169,"6808 Rivera Inlet Apt. 123
Shermanchester, CT 73690",Y,miles
603,Pamela Wheeler,565-32-2423,"9977 Richard Mountains
New Michael, PW 18113",N,miles
604,Sara Baker,004-97-1792,"88365 Murray Canyon
Matthewburgh, AK 14500",Y,hours
605,Matthew Castaneda,888-61-0053,"209 Dakota Roads
Mclaughlinmouth, AK 64370",N,hours
606,Kaitlyn Stewart,852-29-6000,"293 West Square
Gomezchester, DC 78303",Y,hours
607,Robert Morris,037-79-4128,"906 Alexander Mews Suite 548
Melodystad, PA 27815",N,hours
608,Kevin Perez,034-59-5243,"564 Brown Crescent
Frankhaven, SC 11603",Y,hours
609,Michelle Hill,736-75-4964,"67724 Young Mall
West Molly, NM 49536",Y,miles
610,Karen Lee,260-73-7437,"8598 Ryan Glen Apt. 844
East Jason, OH 35776",Y,hours
611,Andrea Hughes,047-41-8167,"718 Chelsea Walks Suite 985
Port Alicia, OH 05379",Y,hours
612,Taylor Yoder,252-04-2051,"7688 William Stream Apt. 343
West Johnberg, ME 07661",N,miles
613,Samuel Martinez,657-44-4362,"64712 Schroeder Point Suite 811
Lake Justintown, FL 67960",N,miles
614,Carrie Fleming,653-43-7093,"656 Yolanda Gateway
Fisherport, PW 54371",Y,miles
615,Carolyn Velasquez,387-18-4075,"Unit 8539 Box 9680
DPO AE 06910",Y,hours
616,Laura Greer,338-43-5804,"335 Kim Club
Lake Joanbury, NY 41841",Y,hours
617,Tammy Kennedy,081-29-4975,"251 Edwards Shoals
Jerryton, NE 11663",N,hours
618,Michael Woods,301-84-9741,"05078 Leach Landing
New Anthonymouth, NV 19271",N,hours
619,Bryan Silva,339-66-0193,"3122 Laura Neck Apt. 486
South Christopher, FL 17627",N,miles
620,Gary Hall,490-87-7686,"5750 Cassidy Shore Apt. 526
West Amandaland, CT 21834",N,miles
621,Tiffany Cooper,316-64-7905,"Unit 6457 Box 9847
DPO AP 21815",N,miles
622,Melinda Barnes,014-42-7431,"585 Susan Avenue
New Jeremyburgh, DC 27661",N,miles
623,Sarah Copeland,127-32-5353,"461 Martinez Mill Apt. 313
Austinfurt, KS 97140",Y,miles
624,William Mann,394-54-3131,"PSC 4765, Box 5713
APO AE 79766",N,hours
625,Doris Smith,064-21-3688,"077 Wilson Views
Lake Jeffrey, MA 04838",N,miles
626,Amanda Washington,180-58-6635,"4669 Tiffany Village Suite 957
Emilyfurt, MI 83752",N,hours
627,Linda Pugh,092-58-2800,"247 Anthony Course Apt. 865
West Briannashire, GA 21089",N,hours
628,Michael Jones,442-17-7670,"USCGC Allen
FPO AE 24998",N,hours
629,Christina Pace,764-85-9186,"359 Katherine Groves Apt. 667
Kennedyberg, MH 52866",N,hours
630,Charles Long,856-31-7020,"63052 Mary Mount Suite 636
Sandraberg, MS 06037",Y,hours
631,Kevin Weber II,246-76-9951,"146 Felicia Alley Suite 917
Lake Henryfort, NV 80621",Y,hours
632,Kelly Martinez,695-46-8432,"567 Wilson Ferry
Roseport, TN 28523",Y,hours
633,Alejandro Allen,103-37-0978,"8416 Salazar Dale
West Kennethberg, MD 30363",Y,miles
634,Daniel Molina,430-31-6950,"13395 Caleb Wall Apt. 877
Robersonport, GU 50434",N,miles
635,Joseph Hall,447-80-4701,"8480 Austin Port
Ariasstad, NV 97894",Y,miles
636,Zachary Wood,773-55-7806,"4764 Steele Manor Apt. 188
Darrellstad, MI 19472",N,hours
637,Matthew Madden,892-22-9113,"210 Davis Lake Suite 163
Taylormouth, UT 05279",Y,miles
638,Kelly Norris,738-59-3737,"Unit 7079 Box 6292
DPO AP 60079",Y,hours
639,Vincent Swanson,561-80-7745,"378 Robin Underpass
Port Yvetteview, CA 55745",N,miles
640,Jay Gill,125-85-9245,"987 Gary Court
Donaldsonside, SD 82762",Y,miles
641,Derek Warren,340-58-0650,"42316 Ward Ways
East Michelleview, MT 16087",Y,hours
642,April Greene,855-49-6462,"0914 West Road Suite 249
New Emilystad, MD 03893",Y,miles
643,Robert Gonzalez,310-73-6202,"3214 Reed Hills Apt. 386
Taylorside, MD 84982",N,miles
644,Gregory Smith,559-49-7807,"2939 Andrea Park
Matthewsborough, ND 06887",Y,miles
645,Jacob Jenkins,333-58-2129,"9138 Wendy Street Apt. 326
Port Jessicahaven, OH 27459",Y,miles
646,Travis Lucas,439-79-8692,"4381 Gilmore Field Suite 154
New Jessica, ID 46342",N,hours
647,Melanie Wade,551-87-8076,"493 Mason Forks
West Catherine, OK 02814",Y,miles
648,Tyler Manning,122-42-8416,"46402 Jennifer Pines
Port Carolyn, FM 96409",Y,hours
649,Victor Dougherty,483-68-3508,"334 Spence Forest Apt. 996
New Lisafurt, OK 73466",N,hours
650,Danielle Vazquez,021-38-2448,"5037 Angela Plains
Acostaborough, MO 94508",Y,hours
651,Melissa Owens,808-48-4195,"50374 Donald Station
West James, WI 38880",N,miles
652,Jamie Kelley,557-23-0456,"19532 Christina Square Apt. 653
Katrinaport, VA 28259",N,hours
653,Dana Jenkins,721-26-9781,"02170 Thomas Oval
West Cheyenne, SD 99161",N,hours
654,Robert Henry,813-44-3207,"251 Kayla Coves
Padillabury, AS 10035",N,hours
655,Lynn Dominguez,292-27-2435,"3126 Justin View
Masonville, WY 76040",N,miles
656,Sarah Cruz,697-88-3078,"379 Joseph Viaduct
Snowtown, OR 07687",N,hours
657,Carl Perez,709-54-2428,"Unit 8049 Box 7936
DPO AP 59882",Y,miles
658,Stephanie Yang,872-27-7029,"2068 Jackson Valley
New Michael, PA 83691",Y,miles
659,James Gutierrez,803-74-5720,"06780 Cole Isle
Cortezborough, SC 94954",N,miles
660,Linda Johnston,411-78-3341,"0535 Vargas Streets Apt. 880
West Jillian, WY 81600",N,miles
661,Aaron Valenzuela,102-81-6072,"228 Perkins Locks Suite 040
Dickersonborough, TN 93946",Y,miles
662,Roger Tran,609-47-2517,"PSC 9719, Box 1140
APO AE 44175",Y,hours
663,Anthony Fernandez,037-12-6742,"168 Martin Loaf
North Stacey, OK 78782",N,hours
664,Sarah Castillo,504-84-9686,"835 Jason Ford
Port Stephen, WY 75911",N,miles
665,Jason Gill,768-07-7281,"47097 Dunn Trace Apt. 368
South Michelemouth, AK 40370",Y,hours
666,Heather Mathis,556-33-8624,"43157 Roy Camp Suite 488
Odonnellside, ME 79284",N,miles
667,Shawn Keith,085-90-5648,"93573 Rodriguez Motorway
Stephanieberg, WY 38912",Y,hours
668,David Rogers,661-75-8121,"983 Kristina Streets
North Jonside, MD 03271",N,miles
669,Amy Mcdowell,396-88-5909,"797 Luis Radial
East Carol, HI 29765",N,miles
670,Sue Ramirez,468-85-6342,"473 Stuart Summit Apt. 964
East Ericaton, CT 81383",Y,miles
671,Vincent Morales,575-41-6395,"683 Nicholas Station
Rodriguezfurt, NE 30611",N,miles
672,Shelby Hernandez,539-79-9402,"84732 Steven Passage Apt. 800
West Rachelview, AR 44772",Y,miles
673,Larry Lopez,538-95-7101,"8958 Jason Mills
Davidmouth, HI 11100",Y,miles
674,Stephen Pierce,763-97-5732,"562 Samuel Ridges Apt. 844
Jessicastad, IN 65400",N,hours
675,Mark Miller,067-79-4070,"253 Pacheco Ranch Apt. 407
Coxside, NM 09505",Y,miles
676,Jennifer Carr,286-52-0077,"5590 Jeffrey Motorway
North Mariastad, AK 95099",Y,hours
677,Kelly Escobar,331-85-5355,"44839 Flowers Heights Apt. 208
Kimberlytown, MH 90365",Y,miles
678,David Evans,611-30-2492,"56551 Lawson Drive Suite 372
East Lauren, WV 68195",N,miles
679,Nicholas Hall,496-08-1995,"672 Robert Forest Apt. 955
Lake Jesseshire, MN 05212",N,hours
680,Tony Dunn,567-59-6104,"099 Dana Pike
Stevensonmouth, CT 12385",Y,miles
681,Brian Romero,412-97-9224,"PSC 4786, Box 0158
APO AP 31690",N,miles
682,Jason Wells,659-02-0423,"1921 Vang Turnpike Suite 170
Brownville, FL 95029",N,hours
683,Felicia Obrien,480-24-9584,"8817 Maria Dale Suite 970
Billystad, MN 26163",Y,hours
684,David Kent,799-46-7069,"26172 Cole Oval
West Arthurborough, UT 67207",N,hours
685,Cory Garcia,796-36-1596,"8341 Cesar Mills
Christinastad, ND 92526",N,hours
686,Keith Martin,212-86-7970,"154 Michael Pines Apt. 760
South Carla, WA 31077",Y,miles
687,Jerry Green,801-79-9988,"40587 Harris Bypass
South Erinside, MH 96923",N,miles
688,Bryan Scott,010-90-4288,"PSC 7288, Box 9701
APO AE 62305",N,miles
689,Charles Larsen,568-07-3043,"6315 Steven Land Suite 214
Richardside, KS 96386",Y,hours
690,Joshua Rojas,566-23-1391,"8353 William Skyway Apt. 647
West Kelly, MA 81961",N,hours
691,James Powell,312-45-8725,"8789 Anthony Inlet Suite 361
Gregoryside, WA 50706",Y,hours
692,Keith Cannon,124-39-0844,"729 Shaw Oval Apt. 071
Nicolestad, PR 65440",Y,hours
693,Lori Jones,035-36-6759,"341 Cox Falls
North Cynthia, NC 79396",N,hours
694,Pamela Hall,002-04-1860,"7644 Brian Greens
Ballton, MT 80174",Y,miles
695,Alexandra Sweeney,015-80-5219,"26489 Kara Hills Apt. 920
Lake Johnland, GA 62485",Y,miles
696,Brendan Banks,746-78-7969,"USNS Shelton
FPO AP 46236",Y,hours
697,Samantha Montgomery,852-17-7270,"02443 Barbara Points Suite 232
Davisberg, UT 96214",Y,miles
698,Robert Sanchez,245-66-3251,"2374 Clay Ville
Lake Joshua, SD 82448",Y,hours
699,Steven Richards,183-78-9759,"5011 Jennifer Port
Port Ashley, MA 91159",N,hours
700,Stephanie Morrison,880-91-6885,"4559 Hartman Glens Apt. 388
Williamschester, MN 81773",Y,miles
701,Ryan Ingram,094-01-5548,"1990 Theresa Harbors
West Jeanette, AS 35798",Y,hours
702,Emma Cook,812-42-1871,"256 Michelle Roads Apt. 886
Larsonside, HI 85608",Y,miles
703,Michael Austin,048-69-6259,"02356 Crosby Wells Suite 661
New William, NC 59117",N,hours
704,Donald Moore,656-80-0855,"USCGC Smith
FPO AP 57451",N,hours
705,Elizabeth Chen,524-87-7664,"599 Patrick Neck Suite 874
South Colintown, MS 75847",N,miles
706,Michael Brown,649-48-1559,"0260 Kristopher Flat
Lake Jasonville, CO 85549",N,hours
707,Chad Franklin,835-74-0607,"USNV Cameron
FPO AE 71888",N,hours
708,Christopher Monroe,717-33-3957,"7186 Clark Avenue
South Meganville, IA 21079",N,miles
709,David Gill,032-20-7007,"8184 Matthew Terrace
Ibarrahaven, OR 61976",N,miles
710,Tammy Dillon,401-04-4168,"USNV Lara
FPO AE 63628",Y,miles
711,Stephen Thomas,501-15-8771,"6360 James Trafficway Suite 288
Carrollborough, GA 95749",N,miles
712,Danny Gonzales,364-86-5607,"8965 Barnes Roads Apt. 327
Veronicahaven, GA 30755",Y,miles
713,Bradley Johnson,409-43-2217,"081 Margaret Freeway
Joshuatown, PA 44413",N,miles
714,Jessica Barker,228-82-2309,"87910 Melinda Canyon
East Susanborough, IN 30685",Y,miles
715,Catherine Adams,233-87-0741,"137 Kenneth Trafficway
Tracytown, NH 26290",N,miles
716,Lisa Ramos,196-70-0829,"2436 Love Mall
Rileyland, NV 86880",Y,miles
717,Charles Villanueva,182-94-7561,"61792 Walters Mountains Apt. 295
Port Sabrinaland, MI 60432",N,hours
718,Eddie Walsh,471-65-1197,"84269 Jessica Plaza Suite 983
Scottview, DE 91822",Y,hours
719,Mary Rivera,085-12-8368,"2178 Young Knolls Suite 611
New Jennaland, ND 27265",N,hours
720,Melvin Taylor,685-29-0691,"2521 Charles Cove Apt. 006
Westview, IN 16462",N,miles
721,Gregory Horn,254-80-6734,"71660 Scott Trail Suite 255
East Juliehaven, MI 30771",Y,miles
722,Kathleen Greene,289-01-2802,"4119 Kelsey Inlet Apt. 284
West Mario, MN 18784",Y,miles
723,Tiffany Fritz,088-64-3912,"712 Sandra Islands Suite 501
Lake Calvinmouth, GA 87935",Y,hours
724,Nicole Lowery,487-63-0609,"886 Alexander Ramp Suite 730
Kathleenville, DC 07868",N,hours
725,William Ford,138-15-3001,"3354 Andrew Lodge
Jeffreyport, TN 69073",N,miles
726,Travis Bullock,780-68-0014,"PSC 2729, Box 9870
APO AA 44239",Y,hours
727,Zachary Clarke,019-20-6901,"107 Teresa Causeway
North Sheena, MA 01793",Y,hours
728,Nancy Nguyen,663-33-7489,"6653 Baker Fields
New Jameston, HI 18546",Y,hours
729,Brian Michael,482-47-3290,"Unit 2243 Box 8346
DPO AE 19176",Y,miles
730,Jackson Miller,413-46-8407,"PSC 2263, Box 4523
APO AE 52752",N,hours
731,Paul Wilson,061-96-6884,"812 Jones Heights
Tammychester, IA 35206",N,miles
732,Alexis Howard,897-74-8643,"679 Jones Turnpike Apt. 235
Crystalview, NY 08148",N,hours
733,Alexander Singleton,759-82-8774,"21849 Jamie Unions
East Sheri, KY 42797",Y,hours
734,Maria Hernandez,500-33-4949,"249 Chapman Shoal
New Daryl, PR 26290",N,hours
735,Nicholas Wu,395-52-1521,"38410 Wilkinson Landing
Wrightburgh, VA 22924",N,miles
736,Amanda Skinner,102-08-1132,"304 Blevins Burgs
North Christopherton, WA 93707",N,hours
737,Lauren Wallace,162-09-0422,"8670 Matthew Circles
Amandaville, WA 95895",N,miles
738,Tyler Reid,609-55-5666,"840 Robinson Island Apt. 871
West Michaeltown, WY 89396",Y,hours
739,Ryan Jackson,176-42-9237,"375 Amy Knolls Suite 019
Gomezberg, FL 82871",N,hours
740,Sara Ryan,612-61-7190,"7699 Morris Turnpike
Carrieville, MD 93934",Y,miles
741,David Lawson,545-32-2701,"254 Vargas Crossing Suite 285
Bennettborough, DC 48868",N,miles
742,Julia Wilson,804-20-6219,"03263 Eric Creek
Lake Lori, IL 79180",N,miles
743,Christopher Parker,895-96-2047,"00832 Vaughn Plaza
North Vincent, VA 26270",N,hours
744,Scott Lopez,174-64-2365,"485 Crystal Parkway
West Kimberly, HI 08974",Y,hours
745,Amber Love,387-90-5309,"29262 David Circles Apt. 821
Nancychester, MO 89849",Y,miles
746,John Smith,258-84-6500,"218 Green Cape Apt. 916
Chavezfurt, GA 94680",Y,miles
747,Jesse Fisher,520-89-0755,"27832 John Trafficway Suite 865
South Theresaview, NV 53429",Y,miles
748,Christina Whitaker,105-80-6954,"7396 Maldonado Hills
West Gavinton, MP 16696",Y,miles
749,Aaron Schneider,354-32-0753,"3965 Cheryl Mews Apt. 441
Pittmanfurt, MH 19635",N,hours
750,Beth Patterson,774-46-3038,"836 Dakota Rest
West Nathan, WV 09334",Y,hours
751,Stephen Weaver,899-01-4663,"7496 Gomez Loaf
South Joshua, NY 21817",Y,miles
752,Maureen Baker,818-53-6572,"USNV Miller
FPO AA 94076",N,miles
753,Brandon Yoder,686-54-6823,"29044 Whitney Vista Apt. 706
North Melissa, WY 83326",N,hours
754,Matthew Stewart,526-76-8437,"37704 Joel Points Suite 482
Angelaview, CO 37750",N,miles
755,Robert Hartman,252-41-3601,"2827 Alexander Spring Apt. 388
Hurleymouth, UT 38591",N,hours
756,Joel Thomas,848-05-6129,"PSC 4963, Box 7769
APO AP 49273",N,hours
757,Erin Diaz,274-17-0336,"1868 Allison Roads
Katherinefort, WI 36737",Y,miles
758,Troy Zamora,611-72-5609,"5263 Ingram Shores
South Keith, OH 62461",N,miles
759,Tamara Miller,715-02-1929,"73363 Brady Rapid
Port Travis, MP 99259",Y,miles
760,Kathy Fleming,191-17-3016,"68568 Mary Falls Apt. 686
New Deniseland, GA 24641",N,hours
761,Vincent Jones,778-98-5628,"2743 Daniel Bridge Suite 769
Brenthaven, MP 05357",N,hours
762,Austin Anthony,678-21-6883,"436 Roy Extension Apt. 735
Bridgesshire, AZ 54310",N,miles
763,Matthew Compton,219-76-2122,"23774 Parker Meadow Apt. 714
East Anita, PA 59255",N,hours
764,Matthew Huff,665-33-9453,"127 Johnston Corners
North Erik, MD 89872",Y,hours
765,Kyle Jones,423-08-0729,"698 Santana Divide Suite 349
Kramerburgh, AZ 47230",N,hours
766,Timothy Shepherd,048-18-3176,"8810 Harrison View Apt. 181
Amymouth, MI 27007",Y,miles
767,Barbara Holder,700-28-1469,"0149 Craig Trace
Aguilarport, AZ 65173",N,miles
768,John White,216-83-8885,"952 Cortez Tunnel Suite 000
West Tammy, AR 46023",N,hours
769,Jennifer Hill,067-89-0935,"2533 Nancy Well Suite 692
Donaldview, OK 48783",Y,miles
770,Holly Dean,552-92-2720,"246 Hale Mount
Briannaton, SD 33846",Y,hours
771,Ashley Mcmahon,841-75-2829,"7439 Eric Summit Suite 371
Jenniferbury, MH 51548",Y,miles
772,Savannah Hunt,508-13-1058,"5185 Tyler Mountain
Port Cindy, SC 89446",Y,miles
773,Casey Walker,856-50-1374,"572 Richard Brooks Suite 770
North Michael, AS 07568",Y,hours
774,Paula Weiss,056-52-4082,"45249 Carey Extensions
Ericport, NV 64773",N,hours
775,Mark James,582-80-3450,"PSC 9112, Box 0608
APO AP 75789",N,miles
776,Edwin Thompson,105-61-5902,"PSC 7010, Box 4271
APO AE 07154",Y,hours
777,Jasmine Stone,511-84-3555,"1536 Greer Trafficway Apt. 738
Robertmouth, NV 42393",N,miles
778,Steven Sanders,879-80-1864,"3726 Davis Island
South Kimberlybury, ND 84324",N,hours
779,Marc Turner,376-93-2891,"PSC 7746, Box 7531
APO AE 56208",N,hours
780,Mary Austin,650-62-7387,"963 Thornton Land
Kochtown, MO 28827",Y,hours
781,Ryan Mayo,862-02-2953,"682 Golden Prairie Apt. 044
Paulaton, CA 51197",N,miles
782,Scott Hawkins,574-67-4177,"4874 Eugene Island
Annashire, DC 57216",N,hours
783,Marie Green,074-10-4916,"2045 Daniel Islands Suite 529
Emilyfurt, MN 94130",Y,hours
784,John Owens,060-72-0281,"527 Allen Way Suite 743
New Markburgh, OK 51253",N,miles
785,Tracey Butler,588-02-1380,"USCGC Silva
FPO AE 87251",N,hours
786,James Harris,010-69-9935,"114 Williams Overpass
New Cameronview, SC 41729",Y,miles
787,Monica Rivera,332-07-6398,"2255 Franklin Alley
Lake Lisa, AL 12740",N,miles
788,Melissa Price,535-44-2950,"770 Williams Lakes Suite 341
North Margaret, GA 85552",Y,hours
789,Michael Noble,228-53-3403,"06034 Patricia Harbor Apt. 917
Lawsonview, MI 86384",Y,hours
790,John Herrera,704-29-7392,"2783 Matthew Mountains
Smithburgh, GA 72254",Y,miles
791,Kimberly Pierce,490-45-4135,"PSC 4515, Box 1469
APO AP 21262",Y,hours
792,Mark Wiggins,052-35-6401,"830 Claudia Row Apt. 312
Lake Tami, PA 54973",Y,hours
793,Nancy Clark,892-74-7958,"USCGC Coleman
FPO AP 18303",N,miles
794,Jennifer Moore,001-12-4935,"09195 Spencer Gardens Apt. 761
North Joseville, WA 58363",Y,hours
795,Joseph Rios,117-80-7814,"82679 Holland Meadow
Leslieland, NJ 88005",N,hours
796,David Dickerson,417-68-3317,"33121 Michael Field Suite 528
East Karenbury, MS 69012",Y,hours
797,Matthew Singleton,166-65-3447,"391 David Avenue
Emilyview, FM 36524",N,miles
798,Francisco Arroyo,370-84-7051,"168 Rivera Lights Apt. 313
Malonefort, WY 69520",Y,miles
799,Cynthia Thomas,355-63-7966,"89587 Williams Green Apt. 629
Harrisstad, MI 89439",N,hours
800,William Alvarez,835-49-9312,"40103 Estrada Key
Hughesburgh, MT 02845",Y,miles
801,Shawn Wright,023-97-2947,"4521 Hamilton Inlet
Smithport, AR 47626",Y,hours
802,Christopher Ryan,887-26-6368,"816 Bradley Shores
East Michael, UT 43003",Y,hours
803,Edward Hawkins,466-05-8850,"9727 Sanchez Field
West Karimouth, IL 84496",Y,hours
804,Jordan Thomas,768-14-6893,"9978 Heather Square Suite 158
New Nancytown, TN 22527",Y,miles
805,Ruben Gutierrez,858-32-4350,"PSC 3872, Box 1135
APO AA 05456",Y,miles
806,Meghan Mcfarland,684-41-3081,"Unit 7589 Box 0379
DPO AA 06779",Y,hours
807,Lauren Robinson,867-66-8556,"26179 Marquez Cliff
Kellytown, HI 17437",Y,miles
808,Cynthia Caldwell,440-63-2717,"462 Perkins Hollow Apt. 418
New Steven, VA 92843",Y,hours
809,Robin Hernandez,375-49-7434,"24559 Brian Common Apt. 758
New Dustin, MH 92688",Y,hours
810,Alyssa Guzman,818-72-5181,"02730 Lee Radial Apt. 708
Davidshire, CT 26867",Y,hours
811,Amanda Turner,601-35-3040,"59512 Heather Center
Simonshire, PA 06706",N,hours
812,Bianca Singleton,780-65-7226,"04873 Rita Summit Apt. 809
Lynnville, IA 34969",Y,miles
813,Jeanne Johnson,188-35-1271,"247 Bradley Roads
North Sheryl, MD 34331",N,miles
814,Andrea Small,108-96-2513,"3337 Garza Skyway Suite 784
New Tyler, CO 78276",N,miles
815,Adam Hicks,195-44-5967,"762 Jenna Ford
Lake Karen, NV 32693",N,miles
816,Robert Hall,720-80-8366,"0873 Heath Track Apt. 656
Emmabury, PR 47377",N,miles
817,Tyler Fowler,609-63-2041,"7732 Emily Plain
Wendyburgh, GU 16016",N,hours
818,Danielle Jenkins,206-71-0276,"191 Wade Mountain
West Carlabury, MN 76122",N,miles
819,Cassidy Brown,264-54-1729,"3285 Fred Meadows Suite 144
Bryanmouth, ME 15629",Y,miles
820,Miguel Butler,039-10-3465,"223 Gallegos Gateway Suite 420
Tammyberg, KY 00661",Y,hours
821,Micheal Rogers,024-68-8469,"875 Thomas Hollow Suite 404
West Russellburgh, NE 87955",Y,miles
822,Kyle Hinton,392-75-6052,"9756 Fuller Passage
Douglasmouth, AK 04774",Y,hours
823,Samantha Estrada,849-64-7576,"5986 Martin Heights Apt. 932
Lake Christopher, WA 85795",Y,hours
824,Danielle Scott,044-67-7824,"42932 Jason Coves
Frankfurt, WA 66030",N,miles
825,Brittany Young,732-15-5324,"6404 Katherine Inlet
West Heatherchester, MS 14494",Y,hours
826,Ryan Medina,046-82-2394,"58522 Scott Spring Apt. 673
East Ashlee, NM 06503",Y,hours
827,Austin Sanchez,778-50-2756,"138 Miguel Greens Suite 705
Lake Christopher, WI 77090",Y,hours
828,Jose Tran,504-75-2724,"73866 Julia Falls Apt. 195
Mclaughlinbury, PW 57137",Y,hours
829,Lori Goodwin,248-33-7551,"67535 Savage Cliff
Serranoborough, AK 83100",Y,hours
830,Nicholas Foley,365-16-8109,"115 Jimenez Court
Gonzalezland, PW 21105",Y,hours
831,Joshua Phillips,027-02-2442,"4648 Smith Inlet
North Michele, OK 39555",Y,miles
832,Jeffery Anderson,670-71-8790,"00423 Samuel Island Apt. 305
East Duane, FM 73152",Y,hours
833,Ashlee Ford,264-07-3884,"Unit 7062 Box 8595
DPO AP 64695",Y,miles
834,Brandon Santos,459-10-9426,"234 Peterson Well
West Chad, PA 92489",N,miles
835,Samantha Gregory,068-97-0958,"0283 Michele Shores
South Stephanie, CO 74713",Y,miles
836,Craig Flores,525-67-1430,"5381 Villa Canyon
South Hannah, MI 35327",Y,miles
837,Matthew Proctor,384-14-3280,"951 Tyler Divide
East Austin, TX 73811",N,miles
838,Thomas Hayes,821-58-8233,"PSC 8340, Box 4579
APO AA 23912",N,miles
839,Joshua Burton,248-54-2576,"PSC 4096, Box 5401
APO AP 73261",Y,hours
840,Kristine Cisneros,161-53-2055,"PSC 8229, Box 0929
APO AE 56484",N,miles
841,Kevin Butler,427-21-5526,"07865 Jamie Road
East Lorifurt, GA 36360",N,hours
842,Ricardo Sullivan,693-21-9729,"883 Jason Vista Suite 873
Port Ryantown, MA 60949",Y,hours
843,Devin Williams,308-03-6793,"3511 Phillips Shore Suite 779
Marquezmouth, IL 79279",Y,miles
844,Dr. Holly Williams DVM,395-50-1064,"470 Ellis Stravenue
Nobleberg, CO 01420",Y,miles
845,Brandon Herrera,560-59-3657,"0945 Ruben Hill
Stewartfort, NE 07340",N,hours
846,Mary Martinez,354-57-7704,"0453 Rhonda Stream Apt. 421
West Mary, GU 11650",Y,miles
847,Jessica Turner,088-26-7765,"460 Linda Row
Crystalton, MO 92793",N,hours
848,Tracy Flores,857-85-5738,"36562 Vargas Cliffs
Lake Jameschester, WY 97969",Y,miles
849,Lee Morgan,643-41-4986,"6959 George Course Suite 606
New Tinatown, PW 55985",N,miles
850,Rebecca Gentry,112-32-4663,"518 William Knolls Apt. 171
East Carlamouth, NY 89388",N,hours
851,Matthew Torres,833-88-7421,"4666 Benjamin Manors Suite 508
Taylorfurt, PR 77671",N,miles
852,Sara Campbell,379-60-0518,"8703 Scott Run Apt. 528
South Amberland, TX 92162",N,miles
853,Samuel Moses,424-47-8669,"75168 Christina Avenue
Myersfort, FL 03029",Y,hours
854,Robert Chavez Jr.,172-47-5565,"379 Sanders Bridge
Powelltown, TN 72105",Y,hours
855,Eugene Thomas,175-64-9318,"USNS Ho
FPO AE 35046",Y,hours
856,Taylor Eaton,659-12-7542,"9868 Darren Row
South Stacey, OK 59405",Y,miles
857,Barbara Hall,804-81-7379,"58314 Vasquez Brook Suite 057
Lake Kelseyside, NH 99592",N,miles
858,Debra Gates,701-87-6665,"7820 Philip Loaf Suite 938
Rogersberg, PA 87176",N,miles
859,Scott Lamb,553-58-8309,"7261 Cook Ways
Justinchester, NE 00723",N,miles
860,Lisa Stewart,214-99-4650,"40139 Spencer Branch
Haleybury, CA 42394",N,hours
861,Andrea Shaffer,326-78-6331,"4282 Regina Mission
East Christopher, DC 24259",Y,hours
862,Mallory Wong,896-31-7418,"51381 Vazquez Trail Suite 685
Marvinborough, IN 85125",Y,hours
863,James Poole,114-38-6237,"91824 Moore Pike
Donaldborough, NC 30206",N,hours
864,Michelle Rodriguez,399-97-9455,"366 Mueller Island
New Deanna, AR 93342",N,miles
865,Antonio Rhodes,445-23-1203,"87352 Steve Stream Suite 976
West Masonville, CT 73968",N,miles
866,Jessica Stein,408-97-2051,"876 Kimberly Cliffs Suite 882
Conwayburgh, MN 64087",N,miles
867,Shelly Smith,105-53-0415,"86734 Wood Shore Suite 637
Wagnerburgh, PR 14562",N,hours
868,Daryl Smith,781-31-8739,"141 Hill Cove
Shawberg, NM 87475",N,miles
869,Mr. Alex Watkins,501-46-0045,"889 Stephen Keys Apt. 730
East Anthonytown, CO 58369",N,miles
870,Teresa Wong,146-12-7804,"715 Dawn Isle Apt. 656
Stephaniestad, AS 88395",N,miles
871,Mr. Lawrence Short,765-83-8278,"Unit 0324 Box 5713
DPO AA 57394",Y,miles
872,Shannon Tran,698-90-8000,"095 Kevin Points
Lake Greg, WV 88166",Y,hours
873,Drew Brooks,082-24-1090,"896 Hernandez Green Suite 635
New Matthewberg, KY 26475",Y,miles
874,Dominic Wise,685-33-7858,"787 Kelly Fork
Rasmussenborough, UT 26232",Y,miles
875,Brian Gonzalez,268-08-1340,"889 Keith Inlet
New Miguelfort, SD 69995",N,miles
876,Melanie Flores,060-39-4722,"PSC 5909, Box 4830
APO AE 70363",Y,hours
877,Tyler Carey,711-44-5420,"34852 James Station Suite 903
Smithmouth, MN 23689",Y,hours
878,Lori Harris,785-42-7425,"54683 Angel Terrace
Moralesmouth, MP 15392",Y,hours
879,Stephen Williamson,052-73-6469,"9555 Wyatt Parkway Suite 132
Robertoton, LA 33552",Y,hours
880,Susan Cooper,053-31-2954,"088 Kevin Land
Zacharyshire, NM 13986",Y,hours
881,Dr. Brandi Kemp,423-95-2215,"907 Martin River
Philiphaven, TX 59170",Y,miles
882,Jay Collins,576-17-7254,"4894 Michael Skyway
West John, MO 57722",N,miles
883,Steven Miller,097-93-2568,"40179 Davis Plain
Jeffreyville, AL 70211",N,miles
884,Melissa Dodson,170-73-0500,"84399 Katherine Summit Suite 338
South Darlene, GA 38389",N,miles
885,Gary Collins,418-84-5969,"9976 Martinez Fall
Lake James, NY 19844",Y,hours
886,Sharon Hernandez,467-03-6920,"583 Alvarez River
Port Rachel, ID 06025",N,miles
887,Adam Crane,729-71-3395,"699 Maria Orchard
Port Bruce, FL 54988",Y,miles
888,John Mendez,301-81-1260,"96876 Alexandra Park
Welchview, OR 81290",Y,hours
889,Laura Wilcox,421-99-7233,"USS Powell
FPO AA 08704",Y,miles
890,Hector Espinoza,695-47-7023,"74923 Stout Greens Apt. 723
North Billmouth, SC 13583",N,hours
891,John Shaw,428-52-3618,"USS Church
FPO AP 47116",N,miles
892,Jeffrey Moore,026-77-4842,"Unit 6707 Box 0311
DPO AA 84462",N,miles
893,Darin Clark,577-83-5524,"73091 Anthony Shore
West Lisafurt, WY 64695",Y,miles
894,Tiffany Knight DDS,111-98-7119,"9694 Amanda Throughway
Port Gregoryfurt, UT 71447",N,miles
895,Courtney Carpenter,475-89-7994,"53309 Bennett Center Apt. 164
Richardtown, NV 62559",Y,hours
896,Gloria Rocha,642-62-8599,"21601 Reyes Tunnel
Laurenfort, GU 13350",N,miles
897,Tracy Collier,327-81-6085,"30801 Williams Mission
Chapmanchester, DE 62398",N,hours
898,Christopher Marshall,515-21-0194,"PSC 4563, Box 9149
APO AP 01044",N,hours
899,Christopher Carr,831-22-8393,"76561 Terry Harbor Apt. 615
Martinezburgh, CA 87634",Y,hours
900,Diana Benson,876-55-4127,"8809 Valerie Ville Suite 394
South Anne, IL 51455",Y,hours
901,Jonathan Hernandez,717-50-4769,"901 Moon Turnpike Suite 147
New Parker, IN 42863",Y,miles
902,Jamie Johnson,042-32-7523,"921 Pena Divide Suite 450
Keithville, NH 01901",Y,miles
903,Mr. Michael Dennis,166-22-8990,"141 Janet Crossroad Apt. 804
Port Noah, TN 52565",N,miles
904,Charles Roy,240-76-9908,"780 Taylor Isle
North Barbaratown, MH 42566",N,miles
905,Jacqueline Tran,756-41-4866,"854 Bailey Mews Apt. 727
Jessicaport, DC 04059",N,hours
906,Paige Weber,084-53-8474,"782 Kristin Island Apt. 321
Grahamville, AK 15346",N,miles
907,Craig Miller,671-30-5492,"604 Murphy Meadow Apt. 676
West Melissa, AL 31007",N,hours
908,David Smith,201-53-2497,"851 Larson Gateway Suite 757
West Ruth, NM 88931",N,miles
909,Jill Willis,056-50-8826,"029 Philip Plains Apt. 115
North Alexhaven, NH 25912",N,hours
910,Ashley Lee,512-31-5306,"4170 Haley Via
Kristenfort, IA 34514",Y,miles
911,Eric Koch,533-70-7646,"806 Melissa Passage Apt. 261
Khantown, VI 29296",Y,hours
912,Brian Carter,269-92-0974,"9766 Miller Extensions Apt. 056
West Loriburgh, IN 35134",Y,hours
913,Denise Cross,704-22-7220,"44466 Ross Squares
North Paultown, AK 44912",N,miles
914,Keith Peters,414-36-4945,"83252 Sara Flats Suite 913
Martinville, NV 05171",N,miles
915,William Lopez,860-58-6060,"16013 Brandon Keys Apt. 761
Christopherfurt, PR 14048",N,hours
916,Sherry Peterson,297-24-3181,"03294 Cook Flat
Crawfordview, AZ 59224",N,miles
917,Shannon Miller,054-59-3036,"80315 Downs Vista Apt. 707
New Brianville, NE 06578",N,miles
918,Jared Terry,294-29-2140,"7185 Olsen Pass
Leonton, RI 37420",Y,hours
919,Nicholas Shaw,405-24-4854,"0254 Todd Mill Apt. 704
New Sue, NC 15528",N,hours
920,Dr. Thomas Robbins,047-87-5493,"PSC 2212, Box 3077
APO AA 30247",Y,hours
921,Douglas Cummings,013-39-4777,"PSC 2987, Box 7074
APO AP 51690",Y,hours
922,Victoria Harris,096-87-5556,"061 William Groves Suite 500
Lake Melissatown, VI 03125",Y,hours
923,Lacey Sanders,262-55-4598,"PSC 1309, Box 2402
APO AE 13984",N,hours
924,Sarah Phelps,581-44-1904,"431 Garcia Terrace
North Christophertown, IN 84613",N,hours
925,Anna Miles,841-18-3728,"7177 Walker Circles Apt. 825
Brandyview, UT 37559",Y,hours
926,Shawn Miller,442-72-3053,"78344 Sellers Meadow
Griffithshire, UT 56927",Y,miles
927,Philip Roberts,512-80-0629,"4434 Young Groves
Lake Brian, NV 31318",N,miles
928,Eddie Gordon,020-81-0970,"80994 Weaver Road
Williamsfurt, NC 47990",Y,hours
929,Brian Williams,599-15-7644,"24723 Diana Cove Suite 315
Port John, AK 81399",N,miles
930,Monique Richardson,795-26-4316,"02420 Gonzalez Wall
West Seanhaven, CA 30756",Y,miles
931,David Foster,658-11-0107,"Unit 0404 Box 4995
DPO AA 57683",Y,hours
932,Stacey Farrell,849-48-3058,"67656 Carla Pass Apt. 415
West Jason, AS 67321",Y,miles
933,Michele Martin,417-37-3963,"457 James Throughway
Kirkside, DC 41187",N,miles
934,Daniel Brown,838-17-8234,"896 Peters Port
Hornside, AS 54273",N,hours
935,Philip Jackson,081-54-7471,"USNV Pacheco
FPO AA 74862",N,miles
936,Mr. Caleb Bryant,448-22-2473,"39099 Noah Grove Apt. 489
South Tiffanyfort, MS 58427",Y,miles
937,Manuel Hernandez,381-38-1451,"4287 Kathryn Branch Apt. 696
Kimberlyburgh, HI 16196",Y,hours
938,Aaron Dennis,484-40-7494,"482 Joshua Brooks
East Destinymouth, PW 01782",Y,hours
939,Scott Carter,164-02-6728,"70252 Ray Parkways Suite 171
Port Andrew, MO 51382",N,miles
940,Victor Wood,255-74-4379,"83594 Hunter Tunnel
Port Lucasside, IL 56795",Y,miles
941,Michael Young,394-23-9224,"94604 Jeffrey Court
Port Brent, GU 18768",Y,hours
942,Robert Strong,336-40-4592,"299 Spence Circles Suite 880
Port Rick, DC 14178",Y,hours
943,Timothy Hill,398-81-3905,"53871 Hannah Ways
West Autumn, MS 16328",Y,miles
944,Kristina Jackson,079-60-8769,"90715 Terry Shoals Suite 410
Herreraland, OK 46555",N,hours
945,Amanda Williams,019-33-9348,"0013 Daniel Junction Apt. 030
North Garrettburgh, MP 07627",Y,miles
946,Willie Anderson,831-10-9833,"8126 Steven Stream Suite 137
Port Charles, HI 87700",N,hours
947,Jared Austin,388-34-9159,"5196 Williams Vista Apt. 912
Jamesfort, LA 99418",N,hours
948,Paul Chavez,172-71-0666,"126 Ramos Manor
East Jimmy, RI 87339",Y,miles
949,Robyn Green,342-88-9718,"0733 Michael Street Suite 899
New Stephanieburgh, WY 11022",Y,hours
950,Mark Dougherty,330-95-8530,"1488 David Heights
South Karenside, NH 12942",N,miles
951,Theodore Walker,330-50-7934,"406 Rodriguez Plaza Suite 208
East Kara, OH 01956",Y,miles
952,Rachael Mullins,737-65-1597,"04887 Delacruz Gardens
Brentland, TX 83021",Y,hours
953,David Moore,668-62-3509,"403 Stacy Landing Suite 241
Kellermouth, ME 29838",N,hours
954,Amanda Romero,170-09-0038,"06428 Jean Harbor Suite 427
Port Philip, VA 73988",Y,hours
955,Justin Mcdonald,353-84-8560,"5804 Rodriguez Courts
Josephtown, CA 20471",N,hours
956,Sean Lee,401-90-0118,"3358 Kimberly Square
Lake Mary, ID 55158",N,hours
957,Wendy Smith,712-32-5421,"4768 Cassandra River
New Anthonymouth, OH 06624",N,miles
958,Justin Medina,739-77-8103,"990 Henderson Dam
Port Heather, DC 59440",Y,miles
959,Pamela Rose,570-66-4806,"76121 Smith Walk
Harveyborough, NH 13632",Y,hours
960,Javier Brown,413-85-3418,"911 Elizabeth Mills
Romerotown, NV 79523",N,miles
961,Ryan Garrett,347-06-4559,"932 Ramirez Ferry Suite 146
South Danamouth, MA 03774",Y,hours
962,Dana Smith,625-97-9248,"26312 Vickie Brooks
Yangborough, AL 76436",Y,miles
963,Brian Sanchez,057-66-9509,"2535 Samuel Place Apt. 709
Schwartzchester, MO 24976",Y,miles
964,Dalton Gutierrez,711-67-7184,"Unit 3132 Box 7750
DPO AP 30579",N,hours
965,Mary Contreras,030-12-6920,"74443 Richard Islands Suite 691
Staceyview, NM 65434",N,hours
966,Robert Fischer,085-62-6539,"068 Herrera Ford
West Amy, AR 59811",N,hours
967,Dr. Sandra Leblanc,609-75-3506,"891 Hall Square
East Chelsea, MO 07839",N,hours
968,Karen Shelton,690-52-6849,"Unit 3211 Box 2202
DPO AP 95978",Y,miles
969,Greg Gilbert,507-58-9581,"5758 Kim Ramp
Kingburgh, VI 89347",N,miles
970,Katrina Thomas,341-89-3182,"311 Ross Mountains Apt. 515
Carlview, NE 26612",N,miles
971,Matthew Johnson,613-19-5336,"8974 Martinez Garden Suite 227
West Chelsea, ND 08833",N,hours
972,Kathleen Reynolds,022-43-7193,"53624 Bryant Point Suite 390
Walkerfurt, AZ 47251",Y,miles
973,Mr. David Roth II,389-24-6585,"53804 Vega Knolls
Lynchville, WV 41000",Y,miles
974,Shawn Price,198-85-6813,"189 Bailey Rue
Lake Anthony, NE 15870",N,miles
975,Julia Walker,175-46-7001,"7310 Andrea Club
Stoutview, KY 97137",Y,hours
976,Mary Scott,526-41-9348,"013 Hubbard Centers Apt. 153
Johnsonville, PA 90188",N,miles
977,Charlene Lawson,001-77-7318,"41366 Hernandez Corner
Juanburgh, CO 29142",N,hours
978,Johnny Pena,210-88-1844,"0750 Yvette Road Suite 569
Benjaminbury, AR 49243",Y,hours
979,Lee Jensen,151-84-2562,"5899 Stone Center Suite 055
West Ryan, MS 79848",Y,hours
980,James Deleon,009-49-3383,"USS Baker
FPO AA 29051",N,hours
981,George Mccall,508-39-4694,"3889 Christensen Court Suite 210
Stephenchester, MO 95114",Y,miles
982,Allison Miller,395-63-8437,"578 Sheila Parkway
Lesterside, PW 79607",N,miles
983,Mark Reynolds,402-55-0671,"09492 Margaret Alley
North Michael, SD 59102",Y,hours
984,Tasha Torres,095-64-5240,"96881 Ortiz Drive
Calebport, MI 15818",Y,miles
985,James Clark,830-29-0705,"7179 Joe Greens Suite 640
Port Karen, WY 03927",Y,hours
986,Frank Johnson,208-66-3099,"82002 Sanchez Run Suite 900
Port Jacquelinetown, MN 92534",Y,hours
987,Elizabeth Russell,054-70-8919,"714 Clayton Burg
Fritzton, IN 31053",N,miles
988,Andrea Martin,803-01-7955,"353 Cook Springs
Lake Danielleview, AL 22089",N,miles
989,William Wilson,254-72-5429,"02082 Amber Courts
South Lindabury, KS 66745",Y,miles
990,Tamara Martinez,544-69-5160,"20338 Lopez Neck
Lake Heidiborough, LA 08350",Y,hours
991,Daryl Sosa,409-99-0911,"3050 Phillips Locks Suite 950
East Tyler, OR 94570",Y,hours
992,Jennifer Ramirez,543-13-1466,"07614 Elizabeth Port
Mendezfort, VT 17076",Y,miles
993,Chase Esparza,345-89-7513,"009 Renee Skyway Apt. 686
Lake Codyland, ND 49532",N,miles
994,Michael Wall,385-61-8837,"42579 Smith Skyway
Faulknerberg, PA 91744",Y,hours
995,Hannah Skinner,388-95-5990,"4253 Carlos Summit
Millerchester, LA 67183",Y,hours
996,Kristina Gamble,048-20-2222,"676 Barry Ranch Suite 422
Lake Jademouth, UT 17265",Y,miles
997,Ashley Booker,432-43-0633,"356 Sherry Lakes Suite 106
Port Dean, WV 24995",Y,hours
998,William Douglas,290-66-1108,"840 Patton Island
Kylieburgh, KS 01917",N,hours
999,Mark Myers,820-88-8052,"8437 Kimberly Route
North David, PA 24586",Y,miles
1000,John Mcgrath,563-25-1769,"031 Tina Street
West Michael, DC 13269",Y,miles
1001,Anne White,585-27-2522,"26966 Michael Plaza Apt. 213
Port Lisa, MT 83687",N,miles
1002,Wayne Moore,161-43-7221,"33598 Barry Extension
Jenniferchester, MT 49394",Y,miles
1003,Kevin Smith,828-99-5260,"PSC 9488, Box 5443
APO AA 98915",Y,miles
1004,Tony Petty,184-78-4653,"130 Jones Lake Suite 461
Kevinville, MA 55897",Y,miles
1005,Robin Jackson,033-37-5238,"02651 Jones Circle
South Amanda, OR 85586",Y,miles
1006,Heather Bennett,679-85-5945,"08497 Robert Estate
Adamsmouth, OK 66973",Y,hours
1007,Katrina Allen,425-30-5738,"58359 Kevin Wells
Patriciamouth, MD 18488",Y,miles
1008,Tyler Perkins,405-21-7616,"451 April Islands Apt. 960
Blakebury, VA 26063",Y,hours
1009,Michael Sandoval,219-06-5841,"9103 Rivera Stravenue Suite 649
New Kevinview, RI 26621",Y,hours
